,0,5IAL_3_TT301.50,5IAL_3_QIT301.52,5IAL_3_PIT 301.55,5IAL_3_QIT301.57,5IAL_3_PIT301.60,5IAL_3_FIT301.61MF,5IAL_3_FIT301.61VF,5IAL_3_FIT301.61D,5IAL_3_PIT301.63,5IAL_3_P301.70,5IAL_3_R301.71,5IAL_3_P301.72,5IAL_3_301.BatchName,5IAL_3_XPV301.05,5IAL_3_XPV301.06,5IAL_3_XPV301.08,5IAL_3_XPV301.09,5IAL_3_XPV301.22,5IAL_3_XPV301.35,5IAL_3_XPV301.36,5IAL_3_XPV301.42,5IAL_3_XPV301.43,5IAL_3_XPV301.46,5IAL_3_XPV301.53,5IAL_3_XPV301.54,5IAL_3_XPV301.63,5IAL_3_LSL301.51,5IAL_3_LSL301.53,5IAL_3_GSC301.44,5IAL_3_GSO301.44,5IAL_3_LSL301.64,5IAL_3_LSL301.68,5IAL_3_LSLL301.69,5IAL_3_301.OCCUPIED,5IAL_3_LIT301.54,5IAL_3_LSH301.56,5IAL_3_XPV301.13,5IAL_3_WY301.54
0,2023-04-21 12:01:00,  19.53,   9.04,  -0.01,   0.87,   0.00,  0.000,   0.00, .00165,   0.08,   0.00,   0.00,   0.00,,   1,   0,   0,   0,   0,   0,   1,   0,   0,   0,   0,   0,   0,   1,   1,   0,   1,   1,   0,   0,   0,   1.56,   0,   0.00,   0.00
1,2023-04-21 12:02:00,  19.55,   9.04,  -0.01,   0.88,   0.00,  0.000,   0.00, .00163,   0.08,   0.00,   0.00,   0.00,,   1,   0,   0,   0,   0,   0,   1,   0,   0,   0,   0,   0,   0,   1,   1,   0,   1,   1,   0,   0,   0,   1.58,   0,   0.00,   0.00
2,2023-04-21 12:03:00,  19.57,   9.04,  -0.01,   0.88,   0.00,  0.000,   0.00, .00164,   0.08,   0.00,   0.00,   0.00,,   1,   0,   0,   0,   0,   0,   1,   0,   0,   0,   0,   0,   0,   1,   1,   0,   1,   1,   0,   0,   0,   1.57,   0,   0.00,   0.00
3,2023-04-21 12:04:00,  19.60,   9.04,  -0.01,   0.88,   0.00,  0.000,   0.00, .00161,   2.48,   0.00,   0.00,   0.00,,   1,   0,   0,   0,   0,   0,   0,   0,   0,   0,   0,   0,   0,   1,   1,   0,   1,   0,   0,   0,   0,   1.61,   0,   0.00,   0.00
4,2023-04-21 12:05:00,  19.62,   9.04,  -0.01,   0.88,   0.00,  0.000,   0.00, .00163,   2.48,   0.00,   0.00,   0.00,,   1,   0,   0,   0,   0,   0,   0,   0,   0,   0,   0,   0,   0,   1,   1,   0,   1,   0,   0,   0,   0,   1.62,   0,   0.00,   0.00
5,2023-04-21 12:06:00,  19.65,   9.04,  -0.01,   0.88,   0.00,  0.000,   0.00, .00165,   2.48,   0.00,   0.00,   0.00,,   1,   0,   0,   0,   0,   0,   0,   0,   0,   0,   0,   0,   0,   1,   1,   0,   1,   0,   0,   0,   0,   1.60,   0,   0.00,   0.00
6,2023-04-21 12:07:00,  19.66,   9.04,  -0.01,   0.88,   0.00,  0.000,   0.00, .00161,   2.48,   0.00,   0.00,   0.00,,   1,   0,   0,   0,   0,   0,   0,   0,   0,   0,   0,   0,   0,   1,   1,   0,   1,   0,   0,   0,   0,   1.62,   0,   0.00,   0.00
7,2023-04-21 12:08:00,  19.69,   9.04,  -0.01,   0.88,   0.00,  0.000,   0.00, .00163,   2.48,   0.00,   0.00,   0.00,,   1,   0,   0,   0,   0,   0,   0,   0,   0,   0,   0,   0,   0,   1,   1,   0,   1,   0,   0,   0,   0,   1.62,   0,   0.00,   0.00
8,2023-04-21 12:09:00,  19.70,   9.04,  -0.01,   0.88,   0.00,  0.000,   0.00, .00164,   2.48,   0.00,   0.00,   0.00,,   1,   0,   0,   0,   0,   0,   0,   0,   0,   0,   0,   0,   0,   1,   1,   0,   1,   0,   0,   0,   0,   1.63,   0,   0.00,   0.00
9,2023-04-21 12:10:00,  19.71,   9.04,  -0.01,   0.88,   0.00,  0.000,   0.00, .00165,   2.48,   0.00,   0.00,   0.00,,   1,   0,   0,   0,   0,   0,   0,   0,   0,   0,   0,   0,   0,   1,   1,   0,   1,   0,   0,   0,   0,   1.68,   0,   0.00,   0.00
10,2023-04-21 12:11:00,  19.74,   9.04,  -0.01,   0.88,   0.00,  0.000,   0.00, .00164,   2.48,   0.00,   0.00,   0.00,,   1,   0,   0,   0,   0,   0,   0,   0,   0,   0,   0,   0,   0,   1,   1,   0,   1,   0,   0,   0,   0,   1.69,   0,   0.00,   0.00
11,2023-04-21 12:12:00,  19.75,   9.05,   0.01,   0.88,   0.00,  0.000,   0.00, .00163,   2.48,   0.00,   0.00,   0.00,,   1,   0,   0,   0,   0,   0,   0,   0,   0,   0,   0,   0,   0,   1,   1,   0,   1,   0,   0,   0,   0,   1.71,   0,   0.00,   0.00
12,2023-04-21 12:13:00,  19.76,   9.05,   0.01,   0.88,   0.00,  0.000,   0.00, .00162,   2.48,   0.00,   0.00,   0.00,,   1,   0,   0,   0,   0,   0,   0,   0,   0,   0,   0,   0,   0,   1,   1,   0,   1,   0,   0,   0,   0,   1.72,   0,   0.00,   0.00
13,2023-04-21 12:14:00,  19.79,   9.05,   0.01,   0.88,   0.00,  0.000,   0.00, .00163,   2.48,   0.00,   0.00,   0.00,,   1,   0,   0,   0,   0,   0,   0,   0,   0,   0,   0,   0,   0,   1,   1,   0,   1,   0,   0,   0,   0,   1.77,   0,   0.00,   0.00
14,2023-04-21 12:15:00,  19.80,   9.05,   0.01,   0.88,   0.00,  0.000,   0.00, .00163,   2.48,   0.00,   0.00,   0.00,,   1,   0,   0,   0,   0,   0,   0,   0,   0,   0,   0,   0,   0,   1,   1,   0,   1,   0,   0,   0,   0,   1.78,   0,   0.00,   0.00
15,2023-04-21 12:16:00,  19.80,   9.05,   0.01,   0.88,   0.00,  0.000,   0.00, .00161,   2.48,   0.00,   0.00,   0.00,,   1,   0,   0,   0,   0,   0,   0,   0,   0,   0,   0,   0,   0,   1,   1,   0,   1,   0,   0,   0,   0,   1.82,   0,   0.00,   0.00
16,2023-04-21 12:17:00,  19.83,   9.05,   0.01,   0.88,   0.00,  0.000,   0.00, .00163,   2.48,   0.00,   0.00,   0.00,,   1,   0,   0,   0,   0,   0,   0,   0,   0,   0,   0,   0,   0,   1,   1,   0,   1,   0,   0,   0,   0,   1.84,   0,   0.00,   0.00
17,2023-04-21 12:18:00,  19.83,   9.05,   0.01,   0.88,   0.00,  0.000,   0.00, .00164,   2.48,   0.00,   0.00,   0.00,,   1,   0,   0,   0,   0,   0,   0,   0,   0,   0,   0,   0,   0,   1,   1,   0,   1,   0,   0,   0,   0,   1.87,   0,   0.00,   0.00
18,2023-04-21 12:19:00,  19.84,   9.05,   0.01,   0.88,   0.00,  0.000,   0.00, .00164,   2.48,   0.00,   0.00,   0.00,,   1,   0,   0,   0,   0,   0,   0,   0,   0,   0,   0,   0,   0,   1,   1,   0,   1,   0,   0,   0,   0,   1.86,   0,   0.00,   0.00
19,2023-04-21 12:20:00,  19.84,   9.05,   0.01,   0.88,   0.00,  0.000,   0.00, .00170,   2.48,   0.00,   0.00,   0.00,,   1,   0,   0,   0,   0,   0,   0,   0,   0,   0,   0,   0,   0,   1,   1,   0,   1,   0,   0,   0,   0,   1.89,   0,   0.00,   0.00
20,2023-04-21 12:21:00,  19.86,   9.05,   0.01,   0.88,   0.00,  0.000,   0.00, .00166,   2.48,   0.00,   0.00,   0.00,,   1,   0,   0,   0,   0,   0,   0,   0,   0,   0,   0,   0,   0,   1,   1,   0,   1,   0,   0,   0,   0,   1.94,   0,   0.00,   0.00
21,2023-04-21 12:22:00,  19.87,   9.05,   0.01,   0.88,   0.00,  0.000,   0.00, .00167,   2.48,   0.00,   0.00,   0.00,,   1,   0,   0,   0,   0,   0,   0,   0,   0,   0,   0,   0,   0,   1,   1,   0,   1,   0,   0,   0,   0,   1.93,   0,   0.00,   0.00
22,2023-04-21 12:23:00,  19.88,   9.05,   0.01,   0.88,   0.00,  0.000,   0.00, .00167,   2.48,   0.00,   0.00,   0.00,,   1,   0,   0,   0,   0,   0,   0,   0,   0,   0,   0,   0,   0,   1,   1,   0,   1,   0,   0,   0,   0,   1.94,   0,   0.00,   0.00
23,2023-04-21 12:24:00,  19.89,   9.05,   0.01,   0.88,   0.00,  0.000,   0.00, .00165,   2.48,   0.00,   0.00,   0.00,,   1,   0,   0,   0,   0,   0,   0,   0,   0,   0,   0,   0,   0,   1,   1,   0,   1,   0,   0,   0,   0,   1.96,   0,   0.00,   0.00
24,2023-04-21 12:25:00,  19.92,   9.05,   0.01,   0.88,   0.00,  0.000,   0.00, .00166,   2.48,   0.00,   0.00,   0.00,,   1,   0,   0,   0,   0,   0,   0,   0,   0,   0,   0,   0,   0,   1,   1,   0,   1,   0,   0,   0,   0,   1.98,   0,   0.00,   0.00
25,2023-04-21 12:26:00,  19.92,   9.05,   0.01,   0.88,   0.00,  0.000,   0.00, .00166,   2.48,   0.00,   0.00,   0.00,,   1,   0,   0,   0,   0,   0,   0,   0,   0,   0,   0,   0,   0,   1,   1,   0,   1,   0,   0,   0,   0,   2.03,   0,   0.00,   0.00
26,2023-04-21 12:27:00,  19.94,   9.05,   0.01,   0.88,   0.00,  0.000,   0.00, .00163,   2.48,   0.00,   0.00,   0.00,,   1,   0,   0,   0,   0,   0,   0,   0,   0,   0,   0,   0,   0,   1,   1,   0,   1,   0,   0,   0,   0,   2.04,   0,   0.00,   0.00
27,2023-04-21 12:28:00,  19.95,   9.05,   0.01,   0.88,   0.00,  0.000,   0.00, .00160,   2.48,   0.00,   0.00,   0.00,,   1,   0,   0,   0,   0,   0,   0,   0,   0,   0,   0,   0,   0,   1,   1,   0,   1,   0,   0,   0,   0,   2.06,   0,   0.00,   0.00
28,2023-04-21 12:29:00,  19.95,   9.05,   0.01,   0.88,   0.00,  0.000,   0.00, .00165,   2.48,   0.00,   0.00,   0.00,,   1,   0,   0,   0,   0,   0,   0,   0,   0,   0,   0,   0,   0,   1,   1,   0,   1,   0,   0,   0,   0,   2.08,   0,   0.00,   0.00
29,2023-04-21 12:30:00,  19.98,   9.06,   0.01,   0.88,   0.00,  0.000,   0.00, .00165,   2.48,   0.00,   0.00,   0.00,,   1,   0,   0,   0,   0,   0,   0,   0,   0,   0,   0,   0,   0,   1,   1,   0,   1,   0,   0,   0,   0,   2.13,   0,   0.00,   0.00
30,2023-04-21 12:31:00,  19.98,   9.05,   0.01,   0.88,   0.00,  0.000,   0.00, .00162,   2.48,   0.00,   0.00,   0.00,,   1,   0,   0,   0,   0,   0,   0,   0,   0,   0,   0,   0,   0,   1,   1,   0,   1,   0,   0,   0,   0,   2.14,   0,   0.00,   0.00
31,2023-04-21 12:32:00,  20.01,   9.06,   0.01,   0.88,   0.00,  0.000,   0.00, .00164,   2.48,   0.00,   0.00,   0.00,,   1,   0,   0,   0,   0,   0,   0,   0,   0,   0,   0,   0,   0,   1,   1,   0,   1,   0,   0,   0,   0,   2.19,   0,   0.00,   0.00
32,2023-04-21 12:33:00,  20.01,   9.06,   0.01,   0.88,   0.00,  0.000,   0.00, .00164,   2.48,   0.00,   0.00,   0.00,,   1,   0,   0,   0,   0,   0,   0,   0,   0,   0,   0,   0,   0,   1,   1,   0,   1,   0,   0,   0,   0,   2.23,   0,   0.00,   0.00
33,2023-04-21 12:34:00,  20.02,   9.06,   0.01,   0.88,   0.00,  0.000,   0.00, .00162,   2.48,   0.00,   0.00,   0.00,,   1,   0,   0,   0,   0,   0,   0,   0,   0,   0,   0,   0,   0,   1,   1,   0,   1,   0,   0,   0,   0,   2.26,   0,   0.00,   0.00
34,2023-04-21 12:35:00,  20.03,   9.06,   0.01,   0.88,   0.00,  0.000,   0.00, .00163,   2.48,   0.00,   0.00,   0.00,,   1,   0,   0,   0,   0,   0,   0,   0,   0,   0,   0,   0,   0,   1,   1,   0,   1,   0,   0,   0,   0,   2.30,   0,   0.00,   0.00
35,2023-04-21 12:36:00,  20.04,   9.06,   0.01,   0.88,   0.00,  0.000,   0.00, .00163,   2.48,   0.00,   0.00,   0.00,,   1,   0,   0,   0,   0,   0,   0,   0,   0,   0,   0,   0,   0,   1,   1,   0,   1,   0,   0,   0,   0,   2.33,   0,   0.00,   0.00
36,2023-04-21 12:37:00,  20.06,   9.06,   0.01,   0.88,   0.00,  0.000,   0.00, .00163,   2.48,   0.00,   0.00,   0.00,,   1,   0,   0,   0,   0,   0,   0,   0,   0,   0,   0,   0,   0,   1,   1,   0,   1,   0,   0,   0,   0,   2.34,   0,   0.00,   0.00
37,2023-04-21 12:38:00,  20.06,   9.06,   0.01,   0.88,   0.00,  0.000,   0.00, .00163,   2.48,   0.00,   0.00,   0.00,,   1,   0,   0,   0,   0,   0,   0,   0,   0,   0,   0,   0,   0,   1,   1,   0,   1,   0,   0,   0,   0,   2.36,   0,   0.00,   0.00
38,2023-04-21 12:39:00,  20.07,   9.06,   0.01,   0.88,   0.00,  0.000,   0.00, .00160,   2.48,   0.00,   0.00,   0.00,,   1,   0,   0,   0,   0,   0,   0,   0,   0,   0,   0,   0,   0,   1,   1,   0,   1,   0,   0,   0,   0,   2.40,   0,   0.00,   0.00
39,2023-04-21 12:40:00,  20.07,   9.06,   0.01,   0.88,   0.00,  0.000,   0.00, .00161,   2.48,   0.00,   0.00,   0.00,,   1,   0,   0,   0,   0,   0,   0,   0,   0,   0,   0,   0,   0,   1,   1,   0,   1,   0,   0,   0,   0,   2.44,   0,   0.00,   0.00
40,2023-04-21 12:41:00,  20.07,   9.06,   0.01,   0.88,   0.00,  0.000,   0.00, .00160,   2.48,   0.00,   0.00,   0.00,,   1,   0,   0,   0,   0,   0,   0,   0,   0,   0,   0,   0,   0,   1,   1,   0,   1,   0,   0,   0,   0,   2.49,   0,   0.00,   0.00
41,2023-04-21 12:42:00,  20.09,   9.06,   0.01,   0.88,   0.00,  0.000,   0.00, .00165,   2.48,   0.00,   0.00,   0.00,,   1,   0,   0,   0,   0,   0,   0,   0,   0,   0,   0,   0,   0,   1,   1,   0,   1,   0,   0,   0,   0,   2.50,   0,   0.00,   0.00
42,2023-04-21 12:43:00,  20.10,   9.06,   0.01,   0.88,   0.00,  0.000,   0.00, .00159,   2.48,   0.00,   0.00,   0.00,,   1,   0,   0,   0,   0,   0,   0,   0,   0,   0,   0,   0,   0,   1,   1,   0,   1,   0,   0,   0,   0,   2.54,   0,   0.00,   0.00
43,2023-04-21 12:44:00,  20.11,   9.06,   0.01,   0.88,   0.00,  0.000,   0.00, .00159,   2.48,   0.00,   0.00,   0.00,,   1,   0,   0,   0,   0,   0,   0,   0,   0,   0,   0,   0,   0,   1,   1,   0,   1,   0,   0,   0,   0,   2.56,   0,   0.00,   0.00
44,2023-04-21 12:45:00,  20.12,   9.06,   0.01,   0.88,   0.00,  0.000,   0.00, .00161,   2.48,   0.00,   0.00,   0.00,,   1,   0,   0,   0,   0,   0,   0,   0,   0,   0,   0,   0,   0,   1,   1,   0,   1,   0,   0,   0,   0,   2.60,   0,   0.00,   0.00
45,2023-04-21 12:46:00,  20.14,   9.06,   0.01,   0.88,   0.00,  0.000,   0.00, .00162,   2.48,   0.00,   0.00,   0.00,,   1,   0,   0,   0,   0,   0,   0,   0,   0,   0,   0,   0,   0,   1,   1,   0,   1,   0,   0,   0,   0,   2.64,   0,   0.00,   0.00
46,2023-04-21 12:47:00,  20.14,   9.06,   0.01,   0.88,   0.00,  0.000,   0.00, .00159,   2.48,   0.00,   0.00,   0.00,,   1,   0,   0,   0,   0,   0,   0,   0,   0,   0,   0,   0,   0,   1,   1,   0,   1,   0,   0,   0,   0,   2.66,   0,   0.00,   0.00
47,2023-04-21 12:48:00,  20.16,   9.07,   0.01,   0.87,   0.00,  0.000,   0.00, .00161,   2.48,   0.00,   0.00,   0.00,,   1,   0,   0,   0,   0,   0,   0,   0,   0,   0,   0,   0,   0,   1,   1,   0,   1,   0,   0,   0,   0,   2.69,   0,   0.00,   0.00
48,2023-04-21 12:49:00,  20.17,   9.06,   0.01,   0.87,   0.00,  0.000,   0.00, .00158,   2.48,   0.00,   0.00,   0.00,,   1,   0,   0,   0,   0,   0,   0,   0,   0,   0,   0,   0,   0,   1,   1,   0,   1,   0,   0,   0,   0,   2.73,   0,   0.00,   0.00
49,2023-04-21 12:50:00,  20.18,   9.07,   0.01,   0.88,   0.00,  0.000,   0.00, .00160,   2.48,   0.00,   0.00,   0.00,,   1,   0,   0,   0,   0,   0,   0,   0,   0,   0,   0,   0,   0,   1,   1,   0,   1,   0,   0,   0,   0,   2.75,   0,   0.00,   0.00
50,2023-04-21 12:51:00,  20.19,   9.07,   0.01,   0.87,   0.00,  0.000,   0.00, .00156,   2.48,   0.00,   0.00,   0.00,,   1,   0,   0,   0,   0,   0,   0,   0,   0,   0,   0,   0,   0,   1,   1,   0,   1,   0,   0,   0,   0,   2.81,   0,   0.00,   0.00
51,2023-04-21 12:52:00,  20.19,   9.07,   0.01,   0.87,   0.00,  0.000,   0.00, .00157,   2.48,   0.00,   0.00,   0.00,,   1,   0,   0,   0,   0,   0,   0,   0,   0,   0,   0,   0,   0,   1,   1,   0,   1,   0,   0,   0,   0,   2.82,   0,   0.00,   0.00
52,2023-04-21 12:53:00,  20.20,   9.07,   0.01,   0.87,   0.00,  0.000,   0.00, .00156,   2.48,   0.00,   0.00,   0.00,,   1,   0,   0,   0,   0,   0,   0,   0,   0,   0,   0,   0,   0,   1,   1,   0,   1,   0,   0,   0,   0,   2.83,   0,   0.00,   0.00
53,2023-04-21 12:54:00,  20.21,   9.07,   0.01,   0.87,   0.00,  0.000,   0.00, .00158,   2.48,   0.00,   0.00,   0.00,,   1,   0,   0,   0,   0,   0,   0,   0,   0,   0,   0,   0,   0,   1,   1,   0,   1,   0,   0,   0,   0,   2.86,   0,   0.00,   0.00
54,2023-04-21 12:55:00,  20.21,   9.07,   0.01,   0.87,   0.00,  0.000,   0.00, .00155,   2.48,   0.00,   0.00,   0.00,,   1,   0,   0,   0,   0,   0,   0,   0,   0,   0,   0,   0,   0,   1,   1,   0,   1,   0,   0,   0,   0,   2.92,   0,   0.00,   0.00
55,2023-04-21 12:56:00,  20.21,   9.07,   0.01,   0.87,   0.00,  0.000,   0.00, .00156,   2.48,   0.00,   0.00,   0.00,,   1,   0,   0,   0,   0,   0,   0,   0,   0,   0,   0,   0,   0,   1,   1,   0,   1,   0,   0,   0,   0,   2.98,   0,   0.00,   0.00
56,2023-04-21 12:57:00,  20.23,   9.07,   0.01,   0.87,   0.00,  0.000,   0.00, .00160,   2.48,   0.00,   0.00,   0.00,,   1,   0,   0,   0,   0,   0,   0,   0,   0,   0,   0,   0,   0,   1,   1,   0,   1,   0,   0,   0,   0,   3.02,   0,   0.00,   0.00
57,2023-04-21 12:58:00,  20.24,   9.07,   0.01,   0.87,   0.00,  0.000,   0.00, .00157,   2.48,   0.00,   0.00,   0.00,,   1,   0,   0,   0,   0,   0,   0,   0,   0,   0,   0,   0,   0,   1,   1,   0,   1,   0,   0,   0,   0,   3.06,   0,   0.00,   0.00
58,2023-04-21 12:59:00,  20.24,   9.07,   0.01,   0.87,   0.00,  0.000,   0.00, .00156,   2.48,   0.00,   0.00,   0.00,,   1,   0,   0,   0,   0,   0,   0,   0,   0,   0,   0,   0,   0,   1,   1,   0,   1,   0,   0,   0,   0,   3.12,   0,   0.00,   0.00
59,2023-04-21 13:00:00,  20.25,   9.07,   0.01,   0.87,   0.00,  0.000,   0.00, .00158,   2.48,   0.00,   0.00,   0.00,,   1,   0,   0,   0,   0,   0,   0,   0,   0,   0,   0,   0,   0,   1,   1,   0,   1,   0,   0,   0,   0,   3.17,   0,   0.00,   0.00
60,2023-04-21 13:01:00,  20.26,   9.07,   0.01,   0.87,   0.00,  0.000,   0.00, .00156,   2.48,   0.00,   0.00,   0.00,,   1,   0,   0,   0,   0,   0,   0,   0,   0,   0,   0,   0,   0,   1,   1,   0,   1,   0,   0,   0,   0,   3.21,   0,   0.00,   0.00
61,2023-04-21 13:02:00,  20.28,   9.07,   0.01,   0.87,   0.00,  0.000,   0.00, .00153,   2.48,   0.00,   0.00,   0.00,,   1,   0,   0,   0,   0,   0,   0,   0,   0,   0,   0,   0,   0,   1,   1,   0,   1,   0,   0,   0,   0,   3.22,   0,   0.00,   0.00
62,2023-04-21 13:03:00,  20.28,   9.07,   0.01,   0.87,   0.00,  0.000,   0.00, .00154,   2.48,   0.00,   0.00,   0.00,,   1,   0,   0,   0,   0,   0,   0,   0,   0,   0,   0,   0,   0,   1,   1,   0,   1,   0,   0,   0,   0,   3.21,   0,   0.00,   0.00
63,2023-04-21 13:04:00,  20.28,   9.07,   0.01,   0.87,   0.00,  0.000,   0.00, .00154,   2.48,   0.00,   0.00,   0.00,,   1,   0,   0,   0,   0,   0,   0,   0,   0,   0,   0,   0,   0,   1,   1,   0,   1,   0,   0,   0,   0,   3.23,   0,   0.00,   0.00
64,2023-04-21 13:05:00,  20.29,   9.07,   0.01,   0.87,   0.00,  0.000,   0.00, .00153,   2.48,   0.00,   0.00,   0.00,,   1,   0,   0,   0,   0,   0,   0,   0,   0,   0,   0,   0,   0,   1,   1,   0,   1,   0,   0,   0,   0,   3.25,   0,   0.00,   0.00
65,2023-04-21 13:06:00,  20.30,   9.07,   0.01,   0.87,   0.00,  0.000,   0.00, .00153,   2.48,   0.00,   0.00,   0.00,,   1,   0,   0,   0,   0,   0,   0,   0,   0,   0,   0,   0,   0,   1,   1,   0,   1,   0,   0,   0,   0,   3.28,   0,   0.00,   0.00
66,2023-04-21 13:07:00,  20.31,   9.07,   0.01,   0.87,   0.00,  0.000,   0.00, .00153,   2.48,   0.00,   0.00,   0.00,,   1,   0,   0,   0,   0,   0,   0,   0,   0,   0,   0,   0,   0,   1,   1,   0,   1,   0,   0,   0,   0,   3.30,   0,   0.00,   0.00
67,2023-04-21 13:08:00,  20.32,   9.07,   0.01,   0.87,   0.00,  0.000,   0.00, .00152,   2.48,   0.00,   0.00,   0.00,,   1,   0,   0,   0,   0,   0,   0,   0,   0,   0,   0,   0,   0,   1,   1,   0,   1,   0,   0,   0,   0,   3.32,   0,   0.00,   0.00
68,2023-04-21 13:09:00,  20.32,   9.08,   0.01,   0.87,   0.00,  0.000,   0.00, .00154,   2.48,   0.00,   0.00,   0.00,,   1,   0,   0,   0,   0,   0,   0,   0,   0,   0,   0,   0,   0,   1,   1,   0,   1,   0,   0,   0,   0,   3.37,   0,   0.00,   0.00
69,2023-04-21 13:10:00,  20.33,   9.07,   0.01,   0.87,   0.00,  0.000,   0.00, .00151,   2.48,   0.00,   0.00,   0.00,,   1,   0,   0,   0,   0,   0,   0,   0,   0,   0,   0,   0,   0,   1,   1,   0,   1,   0,   0,   0,   0,   3.39,   0,   0.00,   0.00
70,2023-04-21 13:11:00,  20.35,   9.08,   0.01,   0.87,   0.00,  0.000,   0.00, .00149,   2.48,   0.00,   0.00,   0.00,,   1,   0,   0,   0,   0,   0,   0,   0,   0,   0,   0,   0,   0,   1,   1,   0,   1,   0,   0,   0,   0,   3.43,   0,   0.00,   0.00
71,2023-04-21 13:12:00,  20.35,   9.08,   0.01,   0.86,   0.00,  0.000,   0.00, .00151,   2.48,   0.00,   0.00,   0.00,,   1,   0,   0,   0,   0,   0,   0,   0,   0,   0,   0,   0,   0,   1,   1,   0,   1,   0,   0,   0,   0,   3.48,   0,   0.00,   0.00
72,2023-04-21 13:13:00,  20.35,   9.08,   0.01,   0.87,   0.00,  0.000,   0.00, .00152,   2.48,   0.00,   0.00,   0.00,,   1,   0,   0,   0,   0,   0,   0,   0,   0,   0,   0,   0,   0,   1,   1,   0,   1,   0,   0,   0,   0,   3.51,   0,   0.00,   0.00
73,2023-04-21 13:14:00,  20.37,   9.08,   0.01,   0.86,   0.00,  0.000,   0.00, .00154,   2.48,   0.00,   0.00,   0.00,,   1,   0,   0,   0,   0,   0,   0,   0,   0,   0,   0,   0,   0,   1,   1,   0,   1,   0,   0,   0,   0,   3.56,   0,   0.00,   0.00
74,2023-04-21 13:15:00,  20.38,   9.08,   0.01,   0.86,   0.00,  0.000,   0.00, .00152,   2.48,   0.00,   0.00,   0.00,,   1,   0,   0,   0,   0,   0,   0,   0,   0,   0,   0,   0,   0,   1,   1,   0,   1,   0,   0,   0,   0,   3.56,   0,   0.00,   0.00
75,2023-04-21 13:16:00,  20.39,   9.08,   0.01,   0.86,   0.00,  0.000,   0.00, .00153,   2.48,   0.00,   0.00,   0.00,CIPDEMI na vervanging seal,   1,   0,   0,   0,   0,   0,   0,   0,   0,   0,   0,   0,   0,   1,   1,   0,   1,   0,   0,   0,   1,   3.61,   0,   0.00,   0.00
76,2023-04-21 13:17:00,  20.41,   9.08,   0.01,   0.86,   0.00,  0.000,   0.00, .00152,   2.48,   0.00,   0.00,   0.00,CIPDEMI na vervanging seal,   1,   0,   0,   0,   0,   0,   0,   0,   0,   0,   0,   0,   0,   1,   1,   0,   1,   0,   0,   0,   1,   3.65,   0,   0.00,   0.00
77,2023-04-21 13:18:00,  20.42,   9.08,   0.01,   0.86,   0.00,  0.000,   0.00, .00150,   2.48,   0.00,   0.00,   0.00,CIPDEMI na vervanging seal,   1,   0,   0,   0,   0,   0,   0,   0,   0,   0,   0,   0,   0,   1,   1,   0,   1,   0,   0,   0,   1,   3.66,   0,   0.00,   0.00
78,2023-04-21 13:19:00,  20.43,   9.08,   0.01,   0.86,   0.00,  0.000,   0.00, .00150,   2.48,   0.00,   0.00,   0.00,CIPDEMI na vervanging seal,   1,   0,   0,   0,   0,   0,   0,   0,   0,   0,   0,   0,   0,   1,   1,   0,   1,   0,   0,   0,   1,   3.66,   0,   0.00,   0.00
79,2023-04-21 13:20:00,  20.44,   9.08,   0.01,   0.86,   0.00,  0.000,   0.00, .00151,   2.48,   0.00,   0.00,   0.00,CIPDEMI na vervanging seal,   1,   0,   0,   0,   0,   0,   0,   0,   0,   0,   0,   0,   0,   1,   1,   0,   1,   0,   0,   0,   1,   3.69,   0,   0.00,   0.00
80,2023-04-21 13:21:00,  20.44,   9.08,   0.01,   0.86,   0.00,  0.000,   0.00, .00151,   2.48,   0.00,   0.00,   0.00,CIPDEMI na vervanging seal,   1,   0,   0,   0,   0,   0,   0,   0,   0,   0,   0,   0,   0,   1,   1,   0,   1,   0,   0,   0,   1,   3.74,   0,   0.00,   0.00
81,2023-04-21 13:22:00,  20.46,   9.08,   0.01,   0.86,   0.00,  0.000,   0.00, .00151,   2.48,   0.00,   0.00,   0.00,CIPDEMI na vervanging seal,   1,   0,   0,   0,   0,   0,   0,   0,   0,   0,   0,   0,   0,   1,   1,   0,   1,   0,   0,   0,   1,   3.76,   0,   0.00,   0.00
82,2023-04-21 13:23:00,  20.46,   9.08,   0.01,   0.86,   0.00,  0.000,   0.00, .00152,   2.48,   1.95,   0.00,   0.00,CIPDEMI na vervanging seal,   0,   1,   0,   0,   0,   0,   0,   0,   0,   0,   0,   0,   0,   1,   1,   0,   1,   0,   0,   0,   1,   1.40,   0,   1.99,   0.00
83,2023-04-21 13:24:00,  20.46,   9.08,   0.01,   0.86,   0.00,  0.000,   0.00, .00152,   2.48,   1.88,   0.00,   0.00,CIPDEMI na vervanging seal,   0,   1,   0,   0,   0,   0,   0,   0,   0,   0,   0,   0,   0,   1,   1,   0,   1,   0,   0,   0,   1,   1.40,   0,   1.90,   0.00
84,2023-04-21 13:25:00,  20.46,   9.08,   0.01,   0.86,  -0.00,  0.000,   0.00, .00157,   2.48,   1.99,   0.00,   0.00,CIPDEMI na vervanging seal,   0,   1,   0,   0,   0,   0,   0,   0,   0,   0,   0,   0,   0,   1,   1,   0,   1,   0,   0,   0,   1,   1.36,   0,   1.90,   0.00
85,2023-04-21 13:26:00,  20.45,   9.08,   0.01,   0.86,   0.00,  0.000,   0.00, .00160,   2.48,   1.99,   0.00,   0.00,CIPDEMI na vervanging seal,   0,   1,   0,   0,   0,   0,   0,   0,   0,   0,   0,   0,   0,   1,   1,   0,   1,   0,   0,   0,   1,   1.39,   0,   2.08,   0.00
86,2023-04-21 13:27:00,  20.47,   9.08,   0.01,   0.86,   0.00,  0.000,   0.00, .00161,   2.48,   2.05,   0.00,   0.00,CIPDEMI na vervanging seal,   0,   1,   0,   0,   0,   0,   0,   0,   0,   0,   0,   0,   0,   1,   1,   0,   1,   0,   0,   0,   1,   1.32,   0,   2.17,   0.00
87,2023-04-21 13:28:00,  20.47,   9.08,  -0.06,   0.86,  -0.00,  0.000,   0.00, .00151,   2.48,   0.00,   0.00,   0.00,,   0,   0,   0,   0,   0,   0,   0,   0,   0,   0,   0,   0,   0,   1,   1,   0,   1,   0,   0,   0,   0,   1.31,   0,   0.00,   0.00
88,2023-04-21 13:29:00,  20.49,   9.08,  -0.07,   0.86,   0.00,  0.000,   0.00, .00151,   2.48,   0.00,   0.00,   0.00,,   0,   0,   0,   0,   0,   0,   0,   0,   0,   0,   0,   0,   0,   1,   1,   0,   1,   0,   0,   0,   0,   1.37,   0,   0.00,   0.00
89,2023-04-21 13:30:00,  20.48,   9.08,  -0.07,   0.85,   0.00,  0.000,   0.00, .00147,   2.48,   0.00,   0.00,   0.00,,   0,   0,   0,   0,   0,   0,   0,   0,   0,   0,   0,   0,   0,   1,   1,   0,   1,   0,   0,   0,   0,   1.43,   0,   0.00,   0.00
90,2023-04-21 13:31:00,  23.24,   9.09,   0.56,   0.00,  -0.00, 233.47,  14.05, .99730,   2.48,   1.94,   0.00,   0.00,DEMI na vervanging seal 1,   0,   1,   0,   0,   1,   0,   0,   1,   0,   0,   0,   0,   0,   0,   0,   0,   1,   0,   0,   0,   1,   0.84,   0,   1.96,   0.00
91,2023-04-21 13:32:00,  22.40,   9.08,   3.37,   0.00,  -0.00, 13.548,   0.82, .99729,   2.48,   2.01,   0.00,   0.00,DEMI na vervanging seal 1,   0,   1,   0,   0,   0,   0,   0,   1,   0,   0,   0,   0,   0,   1,   0,   0,   1,   0,   0,   0,   1,   1.24,   0,   2.01,   0.00
92,2023-04-21 13:33:00,  22.38,   9.08,   3.44,   0.00,  -0.00, 14.168,   0.85, .99736,   2.48,   1.98,   0.00,   0.00,DEMI na vervanging seal 1,   0,   1,   0,   0,   0,   0,   0,   1,   0,   0,   0,   0,   0,   1,   0,   0,   1,   0,   0,   0,   1,   1.24,   0,   2.00,   0.00
93,2023-04-21 13:34:00,  22.56,   9.08,   0.26,   0.16,   0.00,  0.000,   0.00, .99738,   2.48,   0.00,   0.00,   0.00,DEMI na vervanging seal 1,   0,   1,   0,   0,   1,   0,   0,   0,   0,   0,   0,   0,   0,   0,   0,   0,   1,   0,   0,   0,   1,   2.86,   0,   0.00,   0.00
94,2023-04-21 13:35:00,  22.60,   9.08,   0.01,   0.16,  -0.00,  0.000,   0.00, .00210,   2.48,   0.00,   0.00,   0.00,DEMI na vervanging seal 1,   0,   1,   1,   1,   1,   0,   0,   0,   0,   1,   0,   0,   0,   1,   1,   0,   1,   0,   0,   0,   1,   1.27,   0,   0.00,   0.00
95,2023-04-21 13:36:00,  22.30,   9.08,   0.01,   0.16,  -0.00,  0.000,   0.00, .00167,   2.48,   0.00,   0.00,   0.00,DEMI na vervanging seal 1,   0,   1,   1,   1,   1,   0,   0,   0,   0,   1,   0,   0,   0,   1,   1,   0,   1,   0,   0,   0,   1,   1.31,   0,   0.00,   0.00
96,2023-04-21 13:37:00,  23.24,   9.08,   1.43,   0.16,   0.00, 181.71,  10.93, .99751,   2.48,   1.99,   0.00,   0.00,DEMI na vervanging seal 1,   0,   0,   0,   0,   0,   0,   0,   1,   0,   0,   0,   0,   0,   1,   0,   0,   1,   0,   0,   0,   1,   3.40,   0,   2.05,   0.00
97,2023-04-21 13:38:00,  23.47,   9.07,   0.70,   0.84,  -0.00, 117.22,   7.05, .99753,   2.48,   2.03,   0.00,   0.00,DEMI na vervanging seal 1,   0,   0,   0,   0,   0,   0,   0,   0,   0,   0,   0,   0,   0,   0,   0,   0,   1,   0,   0,   0,   1,   8.34,   0,   2.03,   0.00
98,2023-04-21 13:39:00,  23.46,   9.07,   0.98,   0.84,  -0.00,  0.000,   0.00, .99733,   2.48,   1.00,   0.00,   0.00,DEMI na vervanging seal 1,   0,   0,   0,   0,   0,   0,   0,   0,   0,   0,   0,   0,   0,   0,   0,   0,   1,   0,   0,   0,   1,   8.12,   0,   1.00,   0.00
99,2023-04-21 13:40:00,  23.45,   9.07,   0.70,   0.84,   0.00, 118.45,   7.12, .99754,   2.48,   1.98,   0.00,   0.00,DEMI na vervanging seal 1,   0,   0,   0,   0,   0,   0,   0,   0,   0,   0,   0,   0,   0,   0,   0,   0,   1,   0,   0,   0,   1,   8.28,   0,   2.00,   0.00
100,2023-04-21 13:41:00,  23.46,   9.07,   0.32,   0.83,  -0.00, 144.78,   8.71, .99760,   2.48,   1.99,   0.00,   0.00,DEMI na vervanging seal 1,   0,   0,   0,   0,   0,   0,   0,   0,   0,   0,   0,   0,   0,   0,   0,   0,   1,   0,   0,   0,   1,   8.40,   0,   2.04,   0.00
101,2023-04-21 13:42:00,  23.44,   9.07,   1.07,   0.84,  -0.02, 99.059,   5.96, .99767,   2.48,   1.97,   0.00,   0.00,DEMI na vervanging seal 1,   0,   0,   0,   0,   0,   0,   0,   0,   0,   0,   0,   0,   0,   0,   0,   0,   1,   0,   0,   0,   1,   8.42,   0,   1.87,   0.00
102,2023-04-21 13:43:00,  23.41,   9.07,   3.32,   0.87,   0.00, 15.060,   0.91, .99768,   2.48,   3.51,   0.00,   0.00,DEMI na vervanging seal 1,   0,   0,   0,   0,   0,   0,   0,   0,   0,   0,   0,   0,   0,   0,   0,   0,   1,   0,   0,   0,   1,   9.49,   0,   3.51,   0.00
103,2023-04-21 13:44:00,  23.33,   9.07,   0.10,   0.00,  -0.01,  0.000,   0.00, .99763,   2.48,   0.03,   0.00,   0.00,DEMI na vervanging seal 1,   1,   0,   0,   0,   0,   0,   0,   0,   0,   0,   0,   0,   0,   0,   0,   0,   1,   0,   0,   0,   1,  -1.22,   0,   0.00,   0.00
104,2023-04-21 13:45:00,  23.12,   9.07,   0.01,   0.00,  -0.00,  0.000,   0.00, .00294,   2.48,   0.02,   0.00,   0.00,DEMI na vervanging seal 1,   1,   0,   1,   1,   1,   0,   0,   0,   0,   1,   0,   0,   0,   1,   1,   0,   1,   0,   0,   0,   1,   1.29,   0,   0.03,   0.00
105,2023-04-21 13:46:00,  22.97,   9.07,   0.01,   0.00,  -0.00,  0.000,   0.00, .00187,   2.48,   0.00,   0.00,   0.00,DEMI na vervanging seal 1,   1,   0,   1,   1,   1,   0,   0,   0,   0,   1,   0,   0,   0,   1,   1,   0,   1,   0,   0,   0,   1,   1.33,   0,   0.00,   0.00
106,2023-04-21 13:47:00,  22.91,   9.07,   1.46,   0.00,  -0.00,  0.000,   0.00, .01757,   2.48,   0.00,   0.00,   0.00,DEMI na vervanging seal 1,   0,   0,   0,   1,   0,   0,   0,   0,   0,   0,   0,   0,   0,   1,   1,   0,   1,   0,   0,   0,   1,   1.28,   0,   0.00,   0.00
107,2023-04-21 13:48:00,  22.85,   9.07,   0.59,   0.00,   0.01,  0.000,   0.00, .00265,   2.48,   0.00,   0.00,   0.00,DEMI na vervanging seal 1,   0,   1,   0,   0,   0,   0,   0,   0,   0,   0,   0,   0,   0,   1,   1,   0,   1,   0,   0,   0,   1,  10.42,   0,   0.00,   0.00
108,2023-04-21 13:49:00,  22.22,   9.07,   0.58,   0.00,   0.01,  0.000,   0.00, .00243,   2.48,   0.00,   0.00,   0.00,DEMI na vervanging seal 1,   0,   1,   0,   0,   0,   0,   0,   0,   0,   0,   0,   0,   0,   1,   1,   0,   1,   0,   0,   0,   1,   7.15,   0,   0.00,   0.00
109,2023-04-21 13:50:00,  22.17,   9.07,   0.01,   0.00,   0.00,  0.000,   0.00, .00168,   2.48,   0.00,   0.00,   0.00,DEMI na vervanging seal 1,   0,   1,   1,   1,   1,   0,   0,   0,   0,   1,   0,   0,   0,   1,   1,   0,   1,   0,   0,   0,   1,   2.11,   0,   0.00,   0.00
110,2023-04-21 13:51:00,  22.25,   9.07,   0.00,   0.00,   0.00,  0.000,   0.00, .00166,   2.48,   0.00,   0.00,   0.00,,   0,   0,   0,   0,   0,   0,   0,   0,   0,   0,   0,   0,   0,   1,   1,   0,   1,   0,   0,   0,   0,   2.19,   0,   0.00,   0.00
111,2023-04-21 13:52:00,  22.29,   9.07,   0.00,   0.00,   0.00,  0.000,   0.00, .00169,   2.48,   0.00,   0.00,   0.00,,   0,   0,   0,   0,   0,   0,   0,   0,   0,   0,   0,   0,   0,   1,   1,   0,   1,   0,   0,   0,   0,   2.67,   0,   0.00,   0.00
112,2023-04-21 13:53:00,  22.30,   9.08,   0.00,   0.00,   0.00,  0.000,   0.00, .00168,   2.48,   0.00,   0.00,   0.00,,   0,   0,   0,   0,   0,   0,   0,   0,   0,   0,   0,   0,   0,   1,   1,   0,   1,   0,   0,   0,   0,   2.95,   0,   0.00,   0.00
113,2023-04-21 13:54:00,  22.27,   9.07,   0.00,   0.00,   0.00,  0.000,   0.00, .00170,   2.48,   0.00,   0.00,   0.00,,   0,   0,   0,   0,   0,   0,   0,   0,   0,   0,   0,   0,   0,   1,   1,   0,   1,   0,   0,   0,   0,   3.10,   0,   0.00,   0.00
114,2023-04-21 13:55:00,  22.28,   9.08,   0.00,   0.00,   0.00,  0.000,   0.00, .00171,   2.48,   0.00,   0.00,   0.00,,   0,   0,   0,   0,   0,   0,   0,   0,   0,   0,   0,   0,   0,   1,   1,   0,   1,   0,   0,   0,   0,   3.22,   0,   0.00,   0.00
115,2023-04-21 13:56:00,  22.28,   9.08,   0.00,   0.00,   0.00,  0.000,   0.00, .00168,   2.48,   0.00,   0.00,   0.00,,   0,   0,   0,   0,   0,   0,   0,   0,   0,   0,   0,   0,   0,   1,   1,   0,   1,   0,   0,   0,   0,   3.29,   0,   0.00,   0.00
116,2023-04-21 13:57:00,  22.28,   9.08,   0.00,   0.00,   0.00,  0.000,   0.00, .00168,   2.48,   0.00,   0.00,   0.00,,   0,   0,   0,   0,   0,   0,   0,   0,   0,   0,   0,   0,   0,   1,   1,   0,   1,   0,   0,   0,   0,   3.29,   0,   0.00,   0.00
117,2023-04-21 13:58:00,  22.25,   9.08,   0.01,   0.00,   0.00,  0.000,   0.00, .00173,   2.48,   0.00,   0.00,   0.00,,   0,   0,   0,   0,   0,   0,   0,   0,   0,   0,   0,   0,   0,   1,   1,   0,   1,   0,   0,   0,   0,   3.30,   0,   0.00,   0.00
118,2023-04-21 13:59:00,  22.24,   9.08,   0.01,   0.00,   0.00,  0.000,   0.00, .00174,   2.48,   0.00,   0.00,   0.00,,   0,   0,   0,   0,   0,   0,   0,   0,   0,   0,   0,   0,   0,   1,   1,   0,   1,   0,   0,   0,   0,   3.34,   0,   0.00,   0.00
119,2023-04-21 14:00:00,  22.23,   9.08,   0.01,   0.00,   0.00,  0.000,   0.00, .00170,   2.48,   0.00,   0.00,   0.00,,   0,   0,   0,   0,   0,   0,   0,   0,   0,   0,   0,   0,   0,   1,   1,   0,   1,   0,   0,   0,   0,   3.34,   0,   0.00,   0.00
120,2023-04-21 14:01:00,  22.21,   9.08,   0.01,   0.00,   0.00,  0.000,   0.00, .00178,   2.48,   0.00,   0.00,   0.00,,   0,   0,   0,   0,   0,   0,   0,   0,   0,   0,   0,   0,   0,   1,   1,   0,   1,   0,   0,   0,   0,   3.33,   0,   0.00,   0.00
121,2023-04-21 14:02:00,  22.21,   9.08,   0.01,   0.00,   0.00,  0.000,   0.00, .00175,   2.48,   0.00,   0.00,   0.00,,   0,   0,   0,   0,   0,   0,   0,   0,   0,   0,   0,   0,   0,   1,   1,   0,   1,   0,   0,   0,   0,   3.34,   0,   0.00,   0.00
122,2023-04-21 14:03:00,  22.19,   9.08,   0.01,   0.00,   0.00,  0.000,   0.00, .00178,   2.48,   0.00,   0.00,   0.00,,   0,   0,   0,   0,   0,   0,   0,   0,   0,   0,   0,   0,   0,   1,   1,   0,   1,   0,   0,   0,   0,   3.28,   0,   0.00,   0.00
123,2023-04-21 14:04:00,  22.17,   9.08,   0.01,   0.00,   0.00,  0.000,   0.00, .00178,   2.48,   0.00,   0.00,   0.00,,   0,   0,   0,   0,   0,   0,   0,   0,   0,   0,   0,   0,   0,   1,   1,   0,   1,   0,   0,   0,   0,   3.28,   0,   0.00,   0.00
124,2023-04-21 14:05:00,  22.15,   9.08,   0.01,   0.00,   0.00,  0.000,   0.00, .00177,   2.48,   0.00,   0.00,   0.00,,   0,   0,   0,   0,   0,   0,   0,   0,   0,   0,   0,   0,   0,   1,   1,   0,   1,   0,   0,   0,   0,   3.24,   0,   0.00,   0.00
125,2023-04-21 14:06:00,  22.15,   9.08,   0.01,   0.00,   0.00,  0.000,   0.00, .00174,   2.48,   0.00,   0.00,   0.00,,   0,   0,   0,   0,   0,   0,   0,   0,   0,   0,   0,   0,   0,   1,   1,   0,   1,   0,   0,   0,   0,   3.19,   0,   0.00,   0.00
126,2023-04-21 14:07:00,  22.14,   9.08,   0.01,   0.00,   0.00,  0.000,   0.00, .00179,   2.48,   0.00,   0.00,   0.00,,   0,   0,   0,   0,   0,   0,   0,   0,   0,   0,   0,   0,   0,   1,   1,   0,   1,   0,   0,   0,   0,   3.18,   0,   0.00,   0.00
127,2023-04-21 14:08:00,  22.12,   9.09,   0.01,   0.00,   0.00,  0.000,   0.00, .00171,   2.48,   0.00,   0.00,   0.00,,   0,   0,   0,   0,   0,   0,   0,   0,   0,   0,   0,   0,   0,   1,   1,   0,   1,   0,   0,   0,   0,   3.12,   0,   0.00,   0.00
128,2023-04-21 14:09:00,  22.11,   9.09,   0.01,   0.00,   0.00,  0.000,   0.00, .00174,   2.48,   0.00,   0.00,   0.00,,   0,   0,   0,   0,   0,   0,   0,   0,   0,   0,   0,   0,   0,   1,   1,   0,   1,   0,   0,   0,   0,   3.12,   0,   0.00,   0.00
129,2023-04-21 14:10:00,  22.11,   9.09,   0.01,   0.00,   0.00,  0.000,   0.00, .00176,   2.48,   0.00,   0.00,   0.00,,   0,   0,   0,   0,   0,   0,   0,   0,   0,   0,   0,   0,   0,   1,   1,   0,   1,   0,   0,   0,   0,   3.10,   0,   0.00,   0.00
130,2023-04-21 14:11:00,  22.10,   9.09,   0.01,   0.00,   0.00,  0.000,   0.00, .00174,   2.48,   0.00,   0.00,   0.00,,   0,   0,   0,   0,   0,   0,   0,   0,   0,   0,   0,   0,   0,   1,   1,   0,   1,   0,   0,   0,   0,   3.04,   0,   0.00,   0.00
131,2023-04-21 14:12:00,  22.08,   9.09,   0.01,   0.00,   0.00,  0.000,   0.00, .00174,   2.48,   0.00,   0.00,   0.00,,   0,   0,   0,   0,   0,   0,   0,   0,   0,   0,   0,   0,   0,   1,   1,   0,   1,   0,   0,   0,   0,   3.08,   0,   0.00,   0.00
132,2023-04-21 14:13:00,  22.07,   9.09,   0.01,   0.00,   0.00,  0.000,   0.00, .00173,   2.48,   0.00,   0.00,   0.00,,   0,   0,   0,   0,   0,   0,   0,   0,   0,   0,   0,   0,   0,   1,   1,   0,   1,   0,   0,   0,   0,   3.05,   0,   0.00,   0.00
133,2023-04-21 14:14:00,  22.07,   9.09,   0.01,   0.00,   0.00,  0.000,   0.00, .00176,   2.48,   0.00,   0.00,   0.00,,   1,   0,   0,   0,   0,   0,   0,   0,   0,   0,   0,   0,   0,   1,   1,   0,   1,   0,   0,   0,   0,   1.37,   0,   0.00,   0.00
134,2023-04-21 14:15:00,  22.06,   9.09,   0.01,   0.00,   0.00,  0.000,   0.00, .00173,   2.48,   0.00,   0.00,   0.00,,   0,   0,   0,   0,   0,   0,   0,   0,   0,   0,   0,   0,   0,   1,   1,   0,   1,   0,   0,   0,   0,   1.44,   0,   0.00,   0.00
135,2023-04-21 14:16:00,  22.02,   9.09,   0.01,   0.00,   0.00,  0.000,   0.00, .00174,   2.48,   0.00,   0.00,   0.00,,   0,   0,   0,   0,   0,   0,   0,   0,   0,   0,   0,   0,   0,   1,   1,   0,   1,   0,   0,   0,   0,   1.40,   0,   0.00,   0.00
136,2023-04-21 14:17:00,  22.01,   9.09,   0.01,   0.00,   0.00,  0.000,   0.00, .00174,   2.48,   0.00,   0.00,   0.00,,   0,   0,   0,   0,   0,   0,   0,   0,   0,   0,   0,   0,   0,   1,   1,   0,   1,   0,   0,   0,   0,   1.37,   0,   0.00,   0.00
137,2023-04-21 14:18:00,  22.00,   9.09,   0.01,   0.00,   0.00,  0.000,   0.00, .00176,   2.48,   0.00,   0.00,   0.00,,   0,   0,   0,   0,   0,   0,   0,   0,   0,   0,   0,   0,   0,   1,   1,   0,   1,   0,   0,   0,   0,   1.40,   0,   0.00,   0.00
138,2023-04-21 14:19:00,  22.01,   9.09,   0.01,   0.00,   0.00,  0.000,   0.00, .00172,   2.48,   0.00,   0.00,   0.00,,   0,   0,   0,   0,   0,   0,   0,   0,   0,   0,   0,   0,   0,   1,   1,   0,   1,   0,   0,   0,   0,   1.39,   0,   0.00,   0.00
139,2023-04-21 14:20:00,  21.99,   9.09,   0.01,   0.00,   0.00,  0.000,   0.00, .00178,   2.48,   0.00,   0.00,   0.00,,   0,   0,   0,   0,   0,   0,   0,   0,   0,   0,   0,   0,   0,   1,   1,   0,   1,   0,   0,   0,   0,   1.40,   0,   0.00,   0.00
140,2023-04-21 14:21:00,  21.99,   9.09,   0.01,   0.00,   0.00,  0.000,   0.00, .00170,   2.48,   0.00,   0.00,   0.00,,   0,   0,   0,   0,   0,   0,   0,   0,   0,   0,   0,   0,   0,   1,   1,   0,   1,   0,   0,   0,   0,   1.39,   0,   0.00,   0.00
141,2023-04-21 14:22:00,  21.98,   9.09,   0.01,   0.00,   0.00,  0.000,   0.00, .00171,   2.48,   0.00,   0.00,   0.00,,   0,   0,   0,   0,   0,   0,   0,   0,   0,   0,   0,   0,   0,   1,   1,   0,   1,   0,   0,   0,   0,   1.35,   0,   0.00,   0.00
142,2023-04-21 14:23:00,  21.98,   9.09,   0.01,   0.00,  -0.00,  0.000,   0.00, .00173,   2.48,   0.00,   0.00,   0.00,,   0,   0,   0,   0,   0,   0,   0,   0,   0,   0,   0,   0,   0,   1,   1,   0,   1,   0,   0,   0,   0,   1.30,   0,   0.00,   0.00
143,2023-04-21 14:24:00,  21.97,   9.10,   0.01,   0.00,  -0.00,  0.000,   0.00, .00171,   2.48,   0.00,   0.00,   0.00,,   0,   0,   0,   0,   0,   0,   0,   0,   0,   0,   0,   0,   0,   1,   1,   0,   1,   0,   0,   0,   0,   1.27,   0,   0.00,   0.00
144,2023-04-21 14:25:00,  21.97,   9.09,   0.01,   0.00,  -0.00,  0.000,   0.00, .00174,   2.48,   0.00,   0.00,   0.00,,   0,   0,   0,   0,   0,   0,   0,   0,   0,   0,   0,   0,   0,   1,   1,   0,   1,   0,   0,   0,   0,   1.22,   0,   0.00,   0.00
145,2023-04-21 14:26:00,  21.97,   9.10,   0.01,   0.00,  -0.00,  0.000,   0.00, .00170,   2.48,   0.00,   0.00,   0.00,,   0,   0,   0,   0,   0,   0,   0,   0,   0,   0,   0,   0,   0,   1,   1,   0,   1,   0,   0,   0,   0,   1.23,   0,   0.00,   0.00
146,2023-04-21 14:27:00,  21.94,   9.10,   0.01,   0.00,  -0.00,  0.000,   0.00, .00172,   2.48,   0.00,   0.00,   0.00,,   0,   0,   0,   0,   0,   0,   0,   0,   0,   0,   0,   0,   0,   1,   1,   0,   1,   0,   0,   0,   0,   1.21,   0,   0.00,   0.00
147,2023-04-21 14:28:00,  21.93,   9.10,   0.01,   0.00,  -0.00,  0.000,   0.00, .00170,   2.48,   0.00,   0.00,   0.00,,   0,   0,   0,   0,   0,   0,   0,   0,   0,   0,   0,   0,   0,   1,   1,   0,   1,   0,   0,   0,   0,   1.19,   0,   0.00,   0.00
148,2023-04-21 14:29:00,  21.91,   9.10,   0.01,   0.00,  -0.00,  0.000,   0.00, .00170,   2.48,   0.00,   0.00,   0.00,,   0,   0,   0,   0,   0,   0,   0,   0,   0,   0,   0,   0,   0,   1,   1,   0,   1,   0,   0,   0,   0,   1.18,   0,   0.00,   0.00
149,2023-04-21 14:30:00,  21.91,   9.10,   0.01,   0.00,  -0.00,  0.000,   0.00, .00168,   2.48,   0.00,   0.00,   0.00,,   0,   0,   0,   0,   0,   0,   0,   0,   0,   0,   0,   0,   0,   1,   1,   0,   1,   0,   0,   0,   0,   1.19,   0,   0.00,   0.00
150,2023-04-21 14:31:00,  21.90,   9.10,   0.01,   0.00,  -0.00,  0.000,   0.00, .00171,   2.48,   0.00,   0.00,   0.00,,   0,   0,   0,   0,   0,   0,   0,   0,   0,   0,   0,   0,   0,   1,   1,   0,   1,   0,   0,   0,   0,   1.17,   0,   0.00,   0.00
151,2023-04-21 14:32:00,  21.90,   9.10,   0.01,   0.00,  -0.00,  0.000,   0.00, .00170,   2.48,   0.00,   0.00,   0.00,,   0,   0,   0,   0,   0,   0,   0,   0,   0,   0,   0,   0,   0,   1,   1,   0,   1,   0,   0,   0,   0,   1.14,   0,   0.00,   0.00
152,2023-04-21 14:33:00,  21.89,   9.10,   0.01,   0.00,  -0.00,  0.000,   0.00, .00175,   2.48,   0.00,   0.00,   0.00,,   0,   0,   0,   0,   0,   0,   0,   0,   0,   0,   0,   0,   0,   1,   1,   0,   1,   0,   0,   0,   0,   1.13,   0,   0.00,   0.00
153,2023-04-21 14:34:00,  21.89,   9.10,   0.01,   0.00,  -0.00,  0.000,   0.00, .00170,   2.48,   0.00,   0.00,   0.00,,   0,   0,   0,   0,   0,   0,   0,   0,   0,   0,   0,   0,   0,   1,   1,   0,   1,   0,   0,   0,   0,   1.14,   0,   0.00,   0.00
154,2023-04-21 14:35:00,  21.89,   9.10,   0.01,   0.00,  -0.00,  0.000,   0.00, .00173,   2.48,   0.00,   0.00,   0.00,,   0,   0,   0,   0,   0,   0,   0,   0,   0,   0,   0,   0,   0,   1,   1,   0,   1,   0,   0,   0,   0,   1.14,   0,   0.00,   0.00
155,2023-04-21 14:36:00,  21.88,   9.10,   0.00,   0.00,  -0.00,  0.000,   0.00, .00169,   2.48,   0.00,   0.00,   0.00,,   0,   0,   0,   0,   0,   0,   0,   0,   0,   0,   0,   0,   0,   1,   1,   0,   1,   0,   0,   0,   0,   1.12,   0,   0.00,   0.00
156,2023-04-21 14:37:00,  21.86,   9.10,   0.00,   0.00,   0.00,  0.000,   0.00, .00169,   2.48,   0.00,   0.00,   0.00,KD112311101,   0,   0,   0,   0,   0,   0,   0,   0,   0,   0,   0,   0,   0,   1,   1,   0,   1,   0,   0,   0,   1,   1.90,   0,   0.00,   0.00
157,2023-04-21 14:38:00,  20.99,   9.10,   0.01,   0.00,   0.00,  0.000,   0.00, .00167,   2.48,   0.00,   0.00,   0.00,KD112311101,   0,   0,   0,   0,   0,   0,   0,   0,   0,   0,   0,   0,   0,   1,   1,   0,   1,   0,   0,   0,   1,   6.11,   0,   0.00,  79.96
158,2023-04-21 14:39:00,  20.81,  12.49,   0.75, 10105.,   0.00, 106.77,   6.40, 1.0006,   2.48,   2.00,   0.00,   0.00,KD112311101,   0,   0,   0,   0,   0,   0,   0,   0,   0,   0,   0,   0,   0,   0,   0,   1,   0,   0,   0,   0,   1,  21.17,   0,   2.05, 235.73
159,2023-04-21 14:40:00,  20.81,  12.66,   0.45, 13725.,  -0.00, 132.77,   7.95, 1.0015,   2.48,   2.02,   0.00,   0.00,KD112311101,   0,   0,   0,   0,   0,   0,   0,   0,   0,   0,   0,   0,   0,   0,   0,   1,   0,   0,   0,   0,   1,  19.15,   0,   2.01, 247.21
160,2023-04-21 14:41:00,  21.44,  12.50,   0.48, 11152.,   0.00, 132.05,   7.83, 1.0122,   2.48,   2.11,   0.00,   0.00,KD112311101,   0,   0,   0,   0,   0,   0,   0,   0,   0,   0,   0,   0,   0,   0,   0,   1,   0,   0,   0,   0,   1,  20.12,   0,   2.07, 261.71
161,2023-04-21 14:42:00,  22.67,  12.26,   0.50, 8111.7,   0.00, 133.26,   7.77, 1.0295,   2.48,   2.01,   0.00,   0.00,KD112311101,   0,   0,   0,   0,   0,   0,   0,   0,   0,   0,   0,   0,   0,   0,   0,   1,   0,   0,   0,   0,   1,  21.30,   0,   2.01, 281.70
162,2023-04-21 14:43:00,  23.47,  12.08,   0.51, 6227.7,   0.00, 133.79,   7.70, 1.0430,   2.48,   2.03,   0.00,   0.00,KD112311101,   0,   0,   0,   0,   0,   0,   0,   0,   0,   0,   0,   0,   0,   0,   0,   1,   0,   0,   0,   0,   1,  22.45,   0,   1.99, 301.70
163,2023-04-21 14:44:00,  24.14,  11.94,   0.52, 4951.8,   0.00, 135.15,   7.68, 1.0557,   2.48,   2.02,   0.00,   0.00,KD112311101,   0,   0,   0,   0,   0,   0,   0,   0,   0,   0,   0,   0,   0,   0,   0,   1,   0,   0,   0,   0,   1,  23.51,   0,   1.98, 321.70
164,2023-04-21 14:45:00,  24.72,  11.81,   0.53, 4055.9,   0.00, 135.15,   7.59, 1.0680,   2.48,   2.07,   0.00,   0.00,KD112311101,   0,   0,   0,   0,   0,   0,   0,   0,   0,   0,   0,   0,   0,   0,   0,   1,   0,   0,   0,   0,   1,  24.55,   0,   2.06, 341.70
165,2023-04-21 14:46:00,  25.10,  11.73,   0.54, 3483.4,   0.00, 135.07,   7.53, 1.0766,   2.48,   2.01,   0.00,   0.00,KD112311101,   0,   0,   0,   0,   0,   0,   0,   0,   0,   0,   0,   0,   0,   0,   0,   1,   0,   0,   0,   0,   1,  25.58,   0,   1.97, 361.74
166,2023-04-21 14:47:00,  25.49,  11.64,   0.55, 2899.8,   0.00, 135.21,   7.46, 1.0871,   2.48,   2.09,   0.00,   0.00,KD112311101,   0,   0,   0,   0,   0,   0,   0,   0,   0,   0,   0,   0,   0,   0,   0,   1,   0,   0,   0,   0,   1,  26.58,   0,   2.03, 381.71
167,2023-04-21 14:48:00,  25.81,  11.56,   0.55, 2453.0,   0.00, 133.07,   7.29, 1.0958,   2.49,   2.02,   0.00,   0.00,KD112311101,   0,   0,   0,   0,   0,   0,   0,   0,   0,   0,   0,   0,   0,   0,   0,   1,   0,   0,   0,   0,   1,  27.56,   0,   2.00, 401.71
168,2023-04-21 14:49:00,  26.04,  11.49,   0.57, 2133.2,   0.00, 135.39,   7.36, 1.1031,   2.48,   2.03,   0.00,   0.00,KD112311101,   0,   0,   0,   0,   0,   0,   0,   0,   0,   0,   0,   0,   0,   0,   0,   1,   0,   0,   0,   0,   1,  28.53,   0,   1.98, 421.69
169,2023-04-21 14:50:00,  26.24,  11.43,   0.58, 1851.1,   0.00, 135.57,   7.33, 1.1100,   2.49,   1.97,   0.00,   0.00,KD112311101,   0,   0,   0,   0,   0,   0,   0,   0,   0,   0,   0,   0,   0,   0,   0,   1,   0,   0,   0,   0,   1,  29.52,   0,   2.04, 441.69
170,2023-04-21 14:51:00,  26.39,  11.37,   0.58, 1631.7,   0.00, 135.20,   7.26, 1.1168,   2.49,   2.01,   0.00,   0.00,KD112311101,   0,   0,   0,   0,   0,   0,   0,   0,   0,   0,   0,   0,   0,   0,   0,   1,   0,   0,   0,   0,   1,  30.50,   0,   1.92, 461.70
171,2023-04-21 14:52:00,  26.52,  11.32,   0.59, 1437.2,   0.00, 135.90,   7.26, 1.1230,   2.49,   2.03, 154.77,   0.00,KD112311101,   0,   0,   0,   0,   0,   0,   0,   0,   0,   0,   0,   0,   0,   0,   0,   1,   0,   0,   0,   0,   1,  31.49,   0,   1.99, 481.71
172,2023-04-21 14:53:00,  26.61,  11.27,   0.62, 1315.4,   0.00, 134.72,   7.19, 1.1248,   2.49,   2.03, 356.79,   0.00,KD112311101,   0,   0,   0,   0,   0,   0,   0,   0,   0,   0,   0,   0,   0,   0,   0,   1,   0,   0,   0,   0,   1,  32.78,   0,   1.94, 506.79
173,2023-04-21 14:54:00,  26.67,  11.22,   0.64, 1114.6,   0.00, 135.14,   7.19, 1.1280,   2.49,   2.04, 359.94,   0.00,KD112311101,   0,   0,   0,   0,   0,   0,   0,   0,   0,   0,   0,   0,   0,   0,   0,   1,   0,   0,   0,   0,   1,  34.06,   0,   2.00, 532.82
174,2023-04-21 14:55:00,  26.71,  11.18,   0.62, 1012.0,   0.00, 138.18,   7.36, 1.1272,   2.49,   2.00, 361.45,   0.00,KD112311101,   0,   0,   0,   0,   0,   0,   0,   0,   0,   0,   0,   0,   0,   0,   0,   1,   0,   0,   0,   0,   1,  34.60,   0,   1.84, 549.33
175,2023-04-21 14:56:00,  26.71,  11.19,   0.63, 994.31,   0.00, 135.34,   7.21, 1.1268,   2.49,   2.01, 362.21,   0.00,KD112311101,   0,   0,   0,   0,   0,   0,   0,   0,   0,   0,   0,   0,   0,   0,   0,   1,   0,   0,   0,   0,   1,  34.94,   0,   2.01, 554.92
176,2023-04-21 14:57:00,  26.51,  11.15,   0.64, 973.80,   0.00, 135.89,   7.28, 1.1193,   2.49,   1.99, 365.94,   0.00,KD112311101,   0,   0,   0,   0,   0,   0,   0,   0,   0,   0,   0,   0,   0,   0,   0,   1,   0,   0,   0,   0,   1,  36.41,   0,   1.99, 581.63
177,2023-04-21 14:58:00,  26.37,  11.08,   0.65, 907.32,   0.00, 137.64,   7.41, 1.1148,   2.49,   2.00, 369.10,   0.00,KD112311101,   0,   0,   0,   0,   0,   0,   0,   0,   0,   0,   0,   0,   0,   0,   0,   1,   0,   0,   0,   0,   1,  37.70,   0,   2.00, 608.65
178,2023-04-21 14:59:00,  26.23,  10.98,   0.65, 812.30,   0.00, 136.65,   7.38, 1.1106,   2.49,   2.00, 372.35,   0.00,KD112311101,   0,   0,   0,   0,   0,   0,   0,   0,   0,   0,   0,   0,   0,   0,   0,   1,   0,   0,   0,   0,   1,  38.99,   0,   1.95, 635.63
179,2023-04-21 15:00:00,  26.09,  10.86,   0.65, 700.52,   0.00, 136.09,   7.38, 1.1066,   2.49,   2.01, 375.54,   0.00,KD112311101,   0,   0,   0,   0,   0,   0,   0,   0,   0,   0,   0,   0,   0,   0,   0,   1,   0,   0,   0,   0,   1,  40.28,   0,   2.00, 662.65
180,2023-04-21 15:01:00,  25.95,  10.71,   0.65, 566.40,   0.00, 136.46,   7.42, 1.1031,   2.49,   2.04, 378.86,   0.00,KD112311101,   0,   0,   0,   0,   0,   0,   0,   0,   0,   0,   0,   0,   0,   0,   0,   1,   0,   0,   0,   0,   1,  41.58,   0,   2.00, 689.60
181,2023-04-21 15:02:00,  25.82,  10.49,   0.65, 496.28,   0.00, 136.23,   7.43, 1.0995,   2.49,   2.00, 382.13,   0.00,KD112311101,   0,   0,   0,   0,   0,   0,   0,   0,   0,   0,   0,   0,   0,   0,   0,   1,   0,   0,   0,   0,   1,  42.93,   0,   1.99, 716.63
182,2023-04-21 15:03:00,  25.69,  10.30,   0.65, 429.39,   0.00, 136.15,   7.45, 1.0971,   2.49,   2.03, 385.34,   0.00,KD112311101,   0,   0,   0,   0,   0,   0,   0,   0,   0,   0,   0,   0,   0,   0,   0,   1,   0,   0,   0,   0,   1,  44.19,   0,   1.99, 743.62
183,2023-04-21 15:04:00,  25.57,  10.10,   0.65, 392.42,   0.00, 135.27,   7.42, 1.0940,   2.49,   1.96, 388.62,   0.00,KD112311101,   0,   0,   0,   0,   0,   0,   0,   0,   0,   0,   0,   0,   0,   0,   0,   1,   0,   0,   0,   0,   1,  45.52,   0,   2.05, 770.65
184,2023-04-21 15:05:00,  25.43,   9.91,   0.66, 379.89,   0.00, 135.92,   7.47, 1.0915,   2.49,   1.98, 391.87,   0.00,KD112311101,   0,   0,   0,   0,   0,   0,   0,   0,   0,   0,   0,   0,   0,   0,   0,   1,   0,   0,   0,   0,   1,  46.80,   0,   2.00, 797.62
185,2023-04-21 15:06:00,  25.32,   9.77,   0.65, 380.92,   0.00, 134.46,   7.41, 1.0891,   2.49,   2.01, 394.97,   0.00,KD112311101,   0,   0,   0,   0,   0,   0,   0,   0,   0,   0,   0,   0,   0,   0,   0,   1,   0,   0,   0,   0,   1,  48.04,   0,   1.98, 824.60
186,2023-04-21 15:07:00,  25.19,   9.64,   0.66, 391.55,   0.00, 137.37,   7.58, 1.0867,   2.49,   2.01, 398.47,   0.00,KD112311101,   0,   0,   0,   0,   0,   0,   0,   0,   0,   0,   0,   0,   0,   0,   0,   1,   0,   0,   0,   0,   1,  49.44,   0,   1.98, 851.61
187,2023-04-21 15:08:00,  25.08,   9.53,   0.66, 406.82,   0.00, 135.42,   7.49, 1.0841,   2.49,   1.96, 402.73,   0.00,KD112311101,   0,   0,   0,   0,   0,   0,   0,   0,   0,   0,   0,   0,   0,   0,   0,   1,   0,   0,   0,   0,   1,  50.57,   0,   2.00, 878.61
188,2023-04-21 15:09:00,  24.97,   9.43,   0.66, 423.19,   0.00, 135.16,   7.49, 1.0826,   2.49,   1.95, 409.43,   0.00,KD112311101,   0,   0,   0,   0,   0,   0,   0,   0,   0,   0,   0,   0,   0,   0,   0,   1,   0,   0,   0,   0,   1,  51.89,   0,   2.07, 905.64
189,2023-04-21 15:10:00,  24.88,   9.35,   0.67, 443.39,   0.00, 136.46,   7.58, 1.0806,   2.49,   2.05, 415.86,   0.00,KD112311101,   0,   0,   0,   0,   0,   0,   0,   0,   0,   0,   0,   0,   0,   0,   0,   1,   0,   0,   0,   0,   1,  53.21,   0,   1.96, 932.62
190,2023-04-21 15:11:00,  24.77,   9.27,   0.67, 462.40,   0.00, 136.29,   7.58, 1.0787,   2.49,   2.02, 422.41,   0.00,KD112311101,   0,   0,   0,   0,   0,   0,   0,   0,   0,   0,   0,   0,   0,   0,   0,   1,   0,   0,   0,   0,   1,  54.50,   0,   1.98, 959.64
191,2023-04-21 15:12:00,  24.66,   9.21,   0.67, 482.07,   0.00, 136.25,   7.59, 1.0771,   2.49,   2.02, 428.78,   0.00,KD112311101,   0,   0,   0,   0,   0,   0,   0,   0,   0,   0,   0,   0,   0,   0,   0,   1,   0,   0,   0,   0,   1,  55.79,   0,   2.03, 986.61
192,2023-04-21 15:13:00,,,,,,,,,,,,,,,,,,,,,,,,,,,,,,,,,,,,,,
193,2023-04-21 15:14:00,,,,,,,,,,,,,,,,,,,,,,,,,,,,,,,,,,,,,,
194,2023-04-21 15:15:00,,,,,,,,,,,,,,,,,,,,,,,,,,,,,,,,,,,,,,
195,2023-04-21 15:16:00,,,,,,,,,,,,,,,,,,,,,,,,,,,,,,,,,,,,,,
196,2023-04-21 15:17:00,,,,,,,,,,,,,,,,,,,,,,,,,,,,,,,,,,,,,,
197,2023-04-21 15:18:00,,,,,,,,,,,,,,,,,,,,,,,,,,,,,,,,,,,,,,
198,2023-04-21 15:19:00,,,,,,,,,,,,,,,,,,,,,,,,,,,,,,,,,,,,,,
199,2023-04-21 15:20:00,,,,,,,,,,,,,,,,,,,,,,,,,,,,,,,,,,,,,,
200,2023-04-21 15:21:00,,,,,,,,,,,,,,,,,,,,,,,,,,,,,,,,,,,,,,
201,2023-04-21 15:22:00,,,,,,,,,,,,,,,,,,,,,,,,,,,,,,,,,,,,,,
202,2023-04-21 15:23:00,,,,,,,,,,,,,,,,,,,,,,,,,,,,,,,,,,,,,,
203,2023-04-21 15:24:00,,,,,,,,,,,,,,,,,,,,,,,,,,,,,,,,,,,,,,
204,2023-04-21 15:25:00,,,,,,,,,,,,,,,,,,,,,,,,,,,,,,,,,,,,,,
205,2023-04-21 15:26:00,,,,,,,,,,,,,,,,,,,,,,,,,,,,,,,,,,,,,,
206,2023-04-21 15:27:00,,,,,,,,,,,,,,,,,,,,,,,,,,,,,,,,,,,,,,
207,2023-04-21 15:28:00,,,,,,,,,,,,,,,,,,,,,,,,,,,,,,,,,,,,,,
208,2023-04-21 15:29:00,,,,,,,,,,,,,,,,,,,,,,,,,,,,,,,,,,,,,,
209,2023-04-21 15:30:00,,,,,,,,,,,,,,,,,,,,,,,,,,,,,,,,,,,,,,
210,2023-04-21 15:31:00,,,,,,,,,,,,,,,,,,,,,,,,,,,,,,,,,,,,,,
211,2023-04-21 15:32:00,,,,,,,,,,,,,,,,,,,,,,,,,,,,,,,,,,,,,,
212,2023-04-21 15:33:00,,,,,,,,,,,,,,,,,,,,,,,,,,,,,,,,,,,,,,
213,2023-04-21 15:34:00,,,,,,,,,,,,,,,,,,,,,,,,,,,,,,,,,,,,,,
214,2023-04-21 15:35:00,,,,,,,,,,,,,,,,,,,,,,,,,,,,,,,,,,,,,,
215,2023-04-21 15:36:00,,,,,,,,,,,,,,,,,,,,,,,,,,,,,,,,,,,,,,
216,2023-04-21 15:37:00,,,,,,,,,,,,,,,,,,,,,,,,,,,,,,,,,,,,,,
217,2023-04-21 15:38:00,,,,,,,,,,,,,,,,,,,,,,,,,,,,,,,,,,,,,,
218,2023-04-21 15:39:00,,,,,,,,,,,,,,,,,,,,,,,,,,,,,,,,,,,,,,
219,2023-04-21 15:40:00,,,,,,,,,,,,,,,,,,,,,,,,,,,,,,,,,,,,,,
220,2023-04-21 15:41:00,,,,,,,,,,,,,,,,,,,,,,,,,,,,,,,,,,,,,,
221,2023-04-21 15:42:00,,,,,,,,,,,,,,,,,,,,,,,,,,,,,,,,,,,,,,
222,2023-04-21 15:43:00,,,,,,,,,,,,,,,,,,,,,,,,,,,,,,,,,,,,,,
223,2023-04-21 15:44:00,,,,,,,,,,,,,,,,,,,,,,,,,,,,,,,,,,,,,,
224,2023-04-21 15:45:00,,,,,,,,,,,,,,,,,,,,,,,,,,,,,,,,,,,,,,
225,2023-04-21 15:46:00,,,,,,,,,,,,,,,,,,,,,,,,,,,,,,,,,,,,,,
226,2023-04-21 15:47:00,,,,,,,,,,,,,,,,,,,,,,,,,,,,,,,,,,,,,,
227,2023-04-21 15:48:00,,,,,,,,,,,,,,,,,,,,,,,,,,,,,,,,,,,,,,
228,2023-04-21 15:49:00,,,,,,,,,,,,,,,,,,,,,,,,,,,,,,,,,,,,,,
229,2023-04-21 15:50:00,,,,,,,,,,,,,,,,,,,,,,,,,,,,,,,,,,,,,,
230,2023-04-21 15:51:00,,,,,,,,,,,,,,,,,,,,,,,,,,,,,,,,,,,,,,
231,2023-04-21 15:52:00,,,,,,,,,,,,,,,,,,,,,,,,,,,,,,,,,,,,,,
232,2023-04-21 15:53:00,,,,,,,,,,,,,,,,,,,,,,,,,,,,,,,,,,,,,,
233,2023-04-21 15:54:00,,,,,,,,,,,,,,,,,,,,,,,,,,,,,,,,,,,,,,
234,2023-04-21 15:55:00,,,,,,,,,,,,,,,,,,,,,,,,,,,,,,,,,,,,,,
235,2023-04-21 15:56:00,,,,,,,,,,,,,,,,,,,,,,,,,,,,,,,,,,,,,,
236,2023-04-21 15:57:00,,,,,,,,,,,,,,,,,,,,,,,,,,,,,,,,,,,,,,
237,2023-04-21 15:58:00,,,,,,,,,,,,,,,,,,,,,,,,,,,,,,,,,,,,,,
238,2023-04-21 15:59:00,,,,,,,,,,,,,,,,,,,,,,,,,,,,,,,,,,,,,,
239,2023-04-21 16:00:00,,,,,,,,,,,,,,,,,,,,,,,,,,,,,,,,,,,,,,
240,2023-04-21 16:01:00,,,,,,,,,,,,,,,,,,,,,,,,,,,,,,,,,,,,,,
241,2023-04-21 16:02:00,,,,,,,,,,,,,,,,,,,,,,,,,,,,,,,,,,,,,,
242,2023-04-21 16:03:00,,,,,,,,,,,,,,,,,,,,,,,,,,,,,,,,,,,,,,
243,2023-04-21 16:04:00,,,,,,,,,,,,,,,,,,,,,,,,,,,,,,,,,,,,,,
244,2023-04-21 16:05:00,,,,,,,,,,,,,,,,,,,,,,,,,,,,,,,,,,,,,,
245,2023-04-21 16:06:00,,,,,,,,,,,,,,,,,,,,,,,,,,,,,,,,,,,,,,
246,2023-04-21 16:07:00,,,,,,,,,,,,,,,,,,,,,,,,,,,,,,,,,,,,,,
247,2023-04-21 16:08:00,,,,,,,,,,,,,,,,,,,,,,,,,,,,,,,,,,,,,,
248,2023-04-21 16:09:00,,,,,,,,,,,,,,,,,,,,,,,,,,,,,,,,,,,,,,
249,2023-04-21 16:10:00,,,,,,,,,,,,,,,,,,,,,,,,,,,,,,,,,,,,,,
250,2023-04-21 16:11:00,,,,,,,,,,,,,,,,,,,,,,,,,,,,,,,,,,,,,,
251,2023-04-21 16:12:00,,,,,,,,,,,,,,,,,,,,,,,,,,,,,,,,,,,,,,
252,2023-04-21 16:13:00,,,,,,,,,,,,,,,,,,,,,,,,,,,,,,,,,,,,,,
253,2023-04-21 16:14:00,,,,,,,,,,,,,,,,,,,,,,,,,,,,,,,,,,,,,,
254,2023-04-21 16:15:00,,,,,,,,,,,,,,,,,,,,,,,,,,,,,,,,,,,,,,
255,2023-04-21 16:16:00,,,,,,,,,,,,,,,,,,,,,,,,,,,,,,,,,,,,,,
256,2023-04-21 16:17:00,,,,,,,,,,,,,,,,,,,,,,,,,,,,,,,,,,,,,,
257,2023-04-21 16:18:00,,,,,,,,,,,,,,,,,,,,,,,,,,,,,,,,,,,,,,
258,2023-04-21 16:19:00,,,,,,,,,,,,,,,,,,,,,,,,,,,,,,,,,,,,,,
259,2023-04-21 16:20:00,,,,,,,,,,,,,,,,,,,,,,,,,,,,,,,,,,,,,,
260,2023-04-21 16:21:00,,,,,,,,,,,,,,,,,,,,,,,,,,,,,,,,,,,,,,
261,2023-04-21 16:22:00,,,,,,,,,,,,,,,,,,,,,,,,,,,,,,,,,,,,,,
262,2023-04-21 16:23:00,,,,,,,,,,,,,,,,,,,,,,,,,,,,,,,,,,,,,,
263,2023-04-21 16:24:00,,,,,,,,,,,,,,,,,,,,,,,,,,,,,,,,,,,,,,
264,2023-04-21 16:25:00,,,,,,,,,,,,,,,,,,,,,,,,,,,,,,,,,,,,,,
265,2023-04-21 16:26:00,,,,,,,,,,,,,,,,,,,,,,,,,,,,,,,,,,,,,,
266,2023-04-21 16:27:00,,,,,,,,,,,,,,,,,,,,,,,,,,,,,,,,,,,,,,
267,2023-04-21 16:28:00,,,,,,,,,,,,,,,,,,,,,,,,,,,,,,,,,,,,,,
268,2023-04-21 16:29:00,,,,,,,,,,,,,,,,,,,,,,,,,,,,,,,,,,,,,,
269,2023-04-21 16:30:00,,,,,,,,,,,,,,,,,,,,,,,,,,,,,,,,,,,,,,
270,2023-04-21 16:31:00,,,,,,,,,,,,,,,,,,,,,,,,,,,,,,,,,,,,,,
271,2023-04-21 16:32:00,,,,,,,,,,,,,,,,,,,,,,,,,,,,,,,,,,,,,,
272,2023-04-21 16:33:00,,,,,,,,,,,,,,,,,,,,,,,,,,,,,,,,,,,,,,
273,2023-04-21 16:34:00,,,,,,,,,,,,,,,,,,,,,,,,,,,,,,,,,,,,,,
274,2023-04-21 16:35:00,,,,,,,,,,,,,,,,,,,,,,,,,,,,,,,,,,,,,,
275,2023-04-21 16:36:00,,,,,,,,,,,,,,,,,,,,,,,,,,,,,,,,,,,,,,
276,2023-04-21 16:37:00,,,,,,,,,,,,,,,,,,,,,,,,,,,,,,,,,,,,,,
277,2023-04-21 16:38:00,,,,,,,,,,,,,,,,,,,,,,,,,,,,,,,,,,,,,,
278,2023-04-21 16:39:00,,,,,,,,,,,,,,,,,,,,,,,,,,,,,,,,,,,,,,
279,2023-04-21 16:40:00,,,,,,,,,,,,,,,,,,,,,,,,,,,,,,,,,,,,,,
280,2023-04-21 16:41:00,,,,,,,,,,,,,,,,,,,,,,,,,,,,,,,,,,,,,,
281,2023-04-21 16:42:00,,,,,,,,,,,,,,,,,,,,,,,,,,,,,,,,,,,,,,
282,2023-04-21 16:43:00,,,,,,,,,,,,,,,,,,,,,,,,,,,,,,,,,,,,,,
283,2023-04-21 16:44:00,,,,,,,,,,,,,,,,,,,,,,,,,,,,,,,,,,,,,,
284,2023-04-21 16:45:00,,,,,,,,,,,,,,,,,,,,,,,,,,,,,,,,,,,,,,
285,2023-04-21 16:46:00,,,,,,,,,,,,,,,,,,,,,,,,,,,,,,,,,,,,,,
286,2023-04-21 16:47:00,,,,,,,,,,,,,,,,,,,,,,,,,,,,,,,,,,,,,,
287,2023-04-21 16:48:00,,,,,,,,,,,,,,,,,,,,,,,,,,,,,,,,,,,,,,
288,2023-04-21 16:49:00,,,,,,,,,,,,,,,,,,,,,,,,,,,,,,,,,,,,,,
289,2023-04-21 16:50:00,,,,,,,,,,,,,,,,,,,,,,,,,,,,,,,,,,,,,,
290,2023-04-21 16:51:00,,,,,,,,,,,,,,,,,,,,,,,,,,,,,,,,,,,,,,
291,2023-04-21 16:52:00,,,,,,,,,,,,,,,,,,,,,,,,,,,,,,,,,,,,,,
292,2023-04-21 16:53:00,,,,,,,,,,,,,,,,,,,,,,,,,,,,,,,,,,,,,,
293,2023-04-21 16:54:00,,,,,,,,,,,,,,,,,,,,,,,,,,,,,,,,,,,,,,
294,2023-04-21 16:55:00,,,,,,,,,,,,,,,,,,,,,,,,,,,,,,,,,,,,,,
295,2023-04-21 16:56:00,,,,,,,,,,,,,,,,,,,,,,,,,,,,,,,,,,,,,,
296,2023-04-21 16:57:00,,,,,,,,,,,,,,,,,,,,,,,,,,,,,,,,,,,,,,
297,2023-04-21 16:58:00,,,,,,,,,,,,,,,,,,,,,,,,,,,,,,,,,,,,,,
298,2023-04-21 16:59:00,,,,,,,,,,,,,,,,,,,,,,,,,,,,,,,,,,,,,,
299,2023-04-21 17:00:00,,,,,,,,,,,,,,,,,,,,,,,,,,,,,,,,,,,,,,
300,2023-04-21 17:01:00,,,,,,,,,,,,,,,,,,,,,,,,,,,,,,,,,,,,,,
301,2023-04-21 17:02:00,,,,,,,,,,,,,,,,,,,,,,,,,,,,,,,,,,,,,,
302,2023-04-21 17:03:00,,,,,,,,,,,,,,,,,,,,,,,,,,,,,,,,,,,,,,
303,2023-04-21 17:04:00,,,,,,,,,,,,,,,,,,,,,,,,,,,,,,,,,,,,,,
304,2023-04-21 17:05:00,,,,,,,,,,,,,,,,,,,,,,,,,,,,,,,,,,,,,,
305,2023-04-21 17:06:00,,,,,,,,,,,,,,,,,,,,,,,,,,,,,,,,,,,,,,
306,2023-04-21 17:07:00,,,,,,,,,,,,,,,,,,,,,,,,,,,,,,,,,,,,,,
307,2023-04-21 17:08:00,,,,,,,,,,,,,,,,,,,,,,,,,,,,,,,,,,,,,,
308,2023-04-21 17:09:00,,,,,,,,,,,,,,,,,,,,,,,,,,,,,,,,,,,,,,
309,2023-04-21 17:10:00,,,,,,,,,,,,,,,,,,,,,,,,,,,,,,,,,,,,,,
310,2023-04-21 17:11:00,,,,,,,,,,,,,,,,,,,,,,,,,,,,,,,,,,,,,,
311,2023-04-21 17:12:00,,,,,,,,,,,,,,,,,,,,,,,,,,,,,,,,,,,,,,
312,2023-04-21 17:13:00,,,,,,,,,,,,,,,,,,,,,,,,,,,,,,,,,,,,,,
313,2023-04-21 17:14:00,,,,,,,,,,,,,,,,,,,,,,,,,,,,,,,,,,,,,,
314,2023-04-21 17:15:00,,,,,,,,,,,,,,,,,,,,,,,,,,,,,,,,,,,,,,
315,2023-04-21 17:16:00,,,,,,,,,,,,,,,,,,,,,,,,,,,,,,,,,,,,,,
316,2023-04-21 17:17:00,,,,,,,,,,,,,,,,,,,,,,,,,,,,,,,,,,,,,,
317,2023-04-21 17:18:00,,,,,,,,,,,,,,,,,,,,,,,,,,,,,,,,,,,,,,
318,2023-04-21 17:19:00,,,,,,,,,,,,,,,,,,,,,,,,,,,,,,,,,,,,,,
319,2023-04-21 17:20:00,,,,,,,,,,,,,,,,,,,,,,,,,,,,,,,,,,,,,,
320,2023-04-21 17:21:00,,,,,,,,,,,,,,,,,,,,,,,,,,,,,,,,,,,,,,
321,2023-04-21 17:22:00,,,,,,,,,,,,,,,,,,,,,,,,,,,,,,,,,,,,,,
322,2023-04-21 17:23:00,,,,,,,,,,,,,,,,,,,,,,,,,,,,,,,,,,,,,,
323,2023-04-21 17:24:00,,,,,,,,,,,,,,,,,,,,,,,,,,,,,,,,,,,,,,
324,2023-04-21 17:25:00,,,,,,,,,,,,,,,,,,,,,,,,,,,,,,,,,,,,,,
325,2023-04-21 17:26:00,,,,,,,,,,,,,,,,,,,,,,,,,,,,,,,,,,,,,,
326,2023-04-21 17:27:00,,,,,,,,,,,,,,,,,,,,,,,,,,,,,,,,,,,,,,
327,2023-04-21 17:28:00,,,,,,,,,,,,,,,,,,,,,,,,,,,,,,,,,,,,,,
328,2023-04-21 17:29:00,,,,,,,,,,,,,,,,,,,,,,,,,,,,,,,,,,,,,,
329,2023-04-21 17:30:00,,,,,,,,,,,,,,,,,,,,,,,,,,,,,,,,,,,,,,
330,2023-04-21 17:31:00,,,,,,,,,,,,,,,,,,,,,,,,,,,,,,,,,,,,,,
331,2023-04-21 17:32:00,,,,,,,,,,,,,,,,,,,,,,,,,,,,,,,,,,,,,,
332,2023-04-21 17:33:00,,,,,,,,,,,,,,,,,,,,,,,,,,,,,,,,,,,,,,
333,2023-04-21 17:34:00,,,,,,,,,,,,,,,,,,,,,,,,,,,,,,,,,,,,,,
334,2023-04-21 17:35:00,,,,,,,,,,,,,,,,,,,,,,,,,,,,,,,,,,,,,,
335,2023-04-21 17:36:00,,,,,,,,,,,,,,,,,,,,,,,,,,,,,,,,,,,,,,
336,2023-04-21 17:37:00,,,,,,,,,,,,,,,,,,,,,,,,,,,,,,,,,,,,,,
337,2023-04-21 17:38:00,,,,,,,,,,,,,,,,,,,,,,,,,,,,,,,,,,,,,,
338,2023-04-21 17:39:00,,,,,,,,,,,,,,,,,,,,,,,,,,,,,,,,,,,,,,
339,2023-04-21 17:40:00,,,,,,,,,,,,,,,,,,,,,,,,,,,,,,,,,,,,,,
340,2023-04-21 17:41:00,,,,,,,,,,,,,,,,,,,,,,,,,,,,,,,,,,,,,,
341,2023-04-21 17:42:00,,,,,,,,,,,,,,,,,,,,,,,,,,,,,,,,,,,,,,
342,2023-04-21 17:43:00,,,,,,,,,,,,,,,,,,,,,,,,,,,,,,,,,,,,,,
343,2023-04-21 17:44:00,,,,,,,,,,,,,,,,,,,,,,,,,,,,,,,,,,,,,,
344,2023-04-21 17:45:00,,,,,,,,,,,,,,,,,,,,,,,,,,,,,,,,,,,,,,
345,2023-04-21 17:46:00,,,,,,,,,,,,,,,,,,,,,,,,,,,,,,,,,,,,,,
346,2023-04-21 17:47:00,,,,,,,,,,,,,,,,,,,,,,,,,,,,,,,,,,,,,,
347,2023-04-21 17:48:00,,,,,,,,,,,,,,,,,,,,,,,,,,,,,,,,,,,,,,
348,2023-04-21 17:49:00,,,,,,,,,,,,,,,,,,,,,,,,,,,,,,,,,,,,,,
349,2023-04-21 17:50:00,,,,,,,,,,,,,,,,,,,,,,,,,,,,,,,,,,,,,,
350,2023-04-21 17:51:00,,,,,,,,,,,,,,,,,,,,,,,,,,,,,,,,,,,,,,
351,2023-04-21 17:52:00,,,,,,,,,,,,,,,,,,,,,,,,,,,,,,,,,,,,,,
352,2023-04-21 17:53:00,,,,,,,,,,,,,,,,,,,,,,,,,,,,,,,,,,,,,,
353,2023-04-21 17:54:00,,,,,,,,,,,,,,,,,,,,,,,,,,,,,,,,,,,,,,
354,2023-04-21 17:55:00,,,,,,,,,,,,,,,,,,,,,,,,,,,,,,,,,,,,,,
355,2023-04-21 17:56:00,,,,,,,,,,,,,,,,,,,,,,,,,,,,,,,,,,,,,,
356,2023-04-21 17:57:00,,,,,,,,,,,,,,,,,,,,,,,,,,,,,,,,,,,,,,
357,2023-04-21 17:58:00,,,,,,,,,,,,,,,,,,,,,,,,,,,,,,,,,,,,,,
358,2023-04-21 17:59:00,,,,,,,,,,,,,,,,,,,,,,,,,,,,,,,,,,,,,,
359,2023-04-21 18:00:00,,,,,,,,,,,,,,,,,,,,,,,,,,,,,,,,,,,,,,
360,2023-04-21 18:01:00,,,,,,,,,,,,,,,,,,,,,,,,,,,,,,,,,,,,,,
361,2023-04-21 18:02:00,,,,,,,,,,,,,,,,,,,,,,,,,,,,,,,,,,,,,,
362,2023-04-21 18:03:00,,,,,,,,,,,,,,,,,,,,,,,,,,,,,,,,,,,,,,
363,2023-04-21 18:04:00,,,,,,,,,,,,,,,,,,,,,,,,,,,,,,,,,,,,,,
364,2023-04-21 18:05:00,,,,,,,,,,,,,,,,,,,,,,,,,,,,,,,,,,,,,,
365,2023-04-21 18:06:00,,,,,,,,,,,,,,,,,,,,,,,,,,,,,,,,,,,,,,
366,2023-04-21 18:07:00,,,,,,,,,,,,,,,,,,,,,,,,,,,,,,,,,,,,,,
367,2023-04-21 18:08:00,,,,,,,,,,,,,,,,,,,,,,,,,,,,,,,,,,,,,,
368,2023-04-21 18:09:00,,,,,,,,,,,,,,,,,,,,,,,,,,,,,,,,,,,,,,
369,2023-04-21 18:10:00,,,,,,,,,,,,,,,,,,,,,,,,,,,,,,,,,,,,,,
370,2023-04-21 18:11:00,,,,,,,,,,,,,,,,,,,,,,,,,,,,,,,,,,,,,,
371,2023-04-21 18:12:00,,,,,,,,,,,,,,,,,,,,,,,,,,,,,,,,,,,,,,
372,2023-04-21 18:13:00,,,,,,,,,,,,,,,,,,,,,,,,,,,,,,,,,,,,,,
373,2023-04-21 18:14:00,,,,,,,,,,,,,,,,,,,,,,,,,,,,,,,,,,,,,,
374,2023-04-21 18:15:00,,,,,,,,,,,,,,,,,,,,,,,,,,,,,,,,,,,,,,
375,2023-04-21 18:16:00,,,,,,,,,,,,,,,,,,,,,,,,,,,,,,,,,,,,,,
376,2023-04-21 18:17:00,,,,,,,,,,,,,,,,,,,,,,,,,,,,,,,,,,,,,,
377,2023-04-21 18:18:00,,,,,,,,,,,,,,,,,,,,,,,,,,,,,,,,,,,,,,
378,2023-04-21 18:19:00,,,,,,,,,,,,,,,,,,,,,,,,,,,,,,,,,,,,,,
379,2023-04-21 18:20:00,,,,,,,,,,,,,,,,,,,,,,,,,,,,,,,,,,,,,,
380,2023-04-21 18:21:00,,,,,,,,,,,,,,,,,,,,,,,,,,,,,,,,,,,,,,
381,2023-04-21 18:22:00,,,,,,,,,,,,,,,,,,,,,,,,,,,,,,,,,,,,,,
382,2023-04-21 18:23:00,,,,,,,,,,,,,,,,,,,,,,,,,,,,,,,,,,,,,,
383,2023-04-21 18:24:00,,,,,,,,,,,,,,,,,,,,,,,,,,,,,,,,,,,,,,
384,2023-04-21 18:25:00,,,,,,,,,,,,,,,,,,,,,,,,,,,,,,,,,,,,,,
385,2023-04-21 18:26:00,,,,,,,,,,,,,,,,,,,,,,,,,,,,,,,,,,,,,,
386,2023-04-21 18:27:00,,,,,,,,,,,,,,,,,,,,,,,,,,,,,,,,,,,,,,
387,2023-04-21 18:28:00,,,,,,,,,,,,,,,,,,,,,,,,,,,,,,,,,,,,,,
388,2023-04-21 18:29:00,,,,,,,,,,,,,,,,,,,,,,,,,,,,,,,,,,,,,,
389,2023-04-21 18:30:00,,,,,,,,,,,,,,,,,,,,,,,,,,,,,,,,,,,,,,
390,2023-04-21 18:31:00,,,,,,,,,,,,,,,,,,,,,,,,,,,,,,,,,,,,,,
391,2023-04-21 18:32:00,,,,,,,,,,,,,,,,,,,,,,,,,,,,,,,,,,,,,,
392,2023-04-21 18:33:00,,,,,,,,,,,,,,,,,,,,,,,,,,,,,,,,,,,,,,
393,2023-04-21 18:34:00,,,,,,,,,,,,,,,,,,,,,,,,,,,,,,,,,,,,,,
394,2023-04-21 18:35:00,,,,,,,,,,,,,,,,,,,,,,,,,,,,,,,,,,,,,,
395,2023-04-21 18:36:00,,,,,,,,,,,,,,,,,,,,,,,,,,,,,,,,,,,,,,
396,2023-04-21 18:37:00,,,,,,,,,,,,,,,,,,,,,,,,,,,,,,,,,,,,,,
397,2023-04-21 18:38:00,,,,,,,,,,,,,,,,,,,,,,,,,,,,,,,,,,,,,,
398,2023-04-21 18:39:00,,,,,,,,,,,,,,,,,,,,,,,,,,,,,,,,,,,,,,
399,2023-04-21 18:40:00,,,,,,,,,,,,,,,,,,,,,,,,,,,,,,,,,,,,,,
400,2023-04-21 18:41:00,,,,,,,,,,,,,,,,,,,,,,,,,,,,,,,,,,,,,,
401,2023-04-21 18:42:00,,,,,,,,,,,,,,,,,,,,,,,,,,,,,,,,,,,,,,
402,2023-04-21 18:43:00,,,,,,,,,,,,,,,,,,,,,,,,,,,,,,,,,,,,,,
403,2023-04-21 18:44:00,,,,,,,,,,,,,,,,,,,,,,,,,,,,,,,,,,,,,,
404,2023-04-21 18:45:00,,,,,,,,,,,,,,,,,,,,,,,,,,,,,,,,,,,,,,
405,2023-04-21 18:46:00,,,,,,,,,,,,,,,,,,,,,,,,,,,,,,,,,,,,,,
406,2023-04-21 18:47:00,,,,,,,,,,,,,,,,,,,,,,,,,,,,,,,,,,,,,,
407,2023-04-21 18:48:00,,,,,,,,,,,,,,,,,,,,,,,,,,,,,,,,,,,,,,
408,2023-04-21 18:49:00,,,,,,,,,,,,,,,,,,,,,,,,,,,,,,,,,,,,,,
409,2023-04-21 18:50:00,,,,,,,,,,,,,,,,,,,,,,,,,,,,,,,,,,,,,,
410,2023-04-21 18:51:00,,,,,,,,,,,,,,,,,,,,,,,,,,,,,,,,,,,,,,
411,2023-04-21 18:52:00,,,,,,,,,,,,,,,,,,,,,,,,,,,,,,,,,,,,,,
412,2023-04-21 18:53:00,,,,,,,,,,,,,,,,,,,,,,,,,,,,,,,,,,,,,,
413,2023-04-21 18:54:00,,,,,,,,,,,,,,,,,,,,,,,,,,,,,,,,,,,,,,
414,2023-04-21 18:55:00,,,,,,,,,,,,,,,,,,,,,,,,,,,,,,,,,,,,,,
415,2023-04-21 18:56:00,,,,,,,,,,,,,,,,,,,,,,,,,,,,,,,,,,,,,,
416,2023-04-21 18:57:00,,,,,,,,,,,,,,,,,,,,,,,,,,,,,,,,,,,,,,
417,2023-04-21 18:58:00,,,,,,,,,,,,,,,,,,,,,,,,,,,,,,,,,,,,,,
418,2023-04-21 18:59:00,,,,,,,,,,,,,,,,,,,,,,,,,,,,,,,,,,,,,,
419,2023-04-21 19:00:00,,,,,,,,,,,,,,,,,,,,,,,,,,,,,,,,,,,,,,
420,2023-04-21 19:01:00,,,,,,,,,,,,,,,,,,,,,,,,,,,,,,,,,,,,,,
421,2023-04-21 19:02:00,,,,,,,,,,,,,,,,,,,,,,,,,,,,,,,,,,,,,,
422,2023-04-21 19:03:00,,,,,,,,,,,,,,,,,,,,,,,,,,,,,,,,,,,,,,
423,2023-04-21 19:04:00,,,,,,,,,,,,,,,,,,,,,,,,,,,,,,,,,,,,,,
424,2023-04-21 19:05:00,,,,,,,,,,,,,,,,,,,,,,,,,,,,,,,,,,,,,,
425,2023-04-21 19:06:00,,,,,,,,,,,,,,,,,,,,,,,,,,,,,,,,,,,,,,
426,2023-04-21 19:07:00,,,,,,,,,,,,,,,,,,,,,,,,,,,,,,,,,,,,,,
427,2023-04-21 19:08:00,,,,,,,,,,,,,,,,,,,,,,,,,,,,,,,,,,,,,,
428,2023-04-21 19:09:00,,,,,,,,,,,,,,,,,,,,,,,,,,,,,,,,,,,,,,
429,2023-04-21 19:10:00,,,,,,,,,,,,,,,,,,,,,,,,,,,,,,,,,,,,,,
430,2023-04-21 19:11:00,,,,,,,,,,,,,,,,,,,,,,,,,,,,,,,,,,,,,,
431,2023-04-21 19:12:00,,,,,,,,,,,,,,,,,,,,,,,,,,,,,,,,,,,,,,
432,2023-04-21 19:13:00,,,,,,,,,,,,,,,,,,,,,,,,,,,,,,,,,,,,,,
433,2023-04-21 19:14:00,,,,,,,,,,,,,,,,,,,,,,,,,,,,,,,,,,,,,,
434,2023-04-21 19:15:00,,,,,,,,,,,,,,,,,,,,,,,,,,,,,,,,,,,,,,
435,2023-04-21 19:16:00,,,,,,,,,,,,,,,,,,,,,,,,,,,,,,,,,,,,,,
436,2023-04-21 19:17:00,,,,,,,,,,,,,,,,,,,,,,,,,,,,,,,,,,,,,,
437,2023-04-21 19:18:00,,,,,,,,,,,,,,,,,,,,,,,,,,,,,,,,,,,,,,
438,2023-04-21 19:19:00,,,,,,,,,,,,,,,,,,,,,,,,,,,,,,,,,,,,,,
439,2023-04-21 19:20:00,,,,,,,,,,,,,,,,,,,,,,,,,,,,,,,,,,,,,,
440,2023-04-21 19:21:00,,,,,,,,,,,,,,,,,,,,,,,,,,,,,,,,,,,,,,
441,2023-04-21 19:22:00,,,,,,,,,,,,,,,,,,,,,,,,,,,,,,,,,,,,,,
442,2023-04-21 19:23:00,,,,,,,,,,,,,,,,,,,,,,,,,,,,,,,,,,,,,,
443,2023-04-21 19:24:00,,,,,,,,,,,,,,,,,,,,,,,,,,,,,,,,,,,,,,
444,2023-04-21 19:25:00,,,,,,,,,,,,,,,,,,,,,,,,,,,,,,,,,,,,,,
445,2023-04-21 19:26:00,,,,,,,,,,,,,,,,,,,,,,,,,,,,,,,,,,,,,,
446,2023-04-21 19:27:00,,,,,,,,,,,,,,,,,,,,,,,,,,,,,,,,,,,,,,
447,2023-04-21 19:28:00,,,,,,,,,,,,,,,,,,,,,,,,,,,,,,,,,,,,,,
448,2023-04-21 19:29:00,,,,,,,,,,,,,,,,,,,,,,,,,,,,,,,,,,,,,,
449,2023-04-21 19:30:00,,,,,,,,,,,,,,,,,,,,,,,,,,,,,,,,,,,,,,
450,2023-04-21 19:31:00,,,,,,,,,,,,,,,,,,,,,,,,,,,,,,,,,,,,,,
451,2023-04-21 19:32:00,,,,,,,,,,,,,,,,,,,,,,,,,,,,,,,,,,,,,,
452,2023-04-21 19:33:00,,,,,,,,,,,,,,,,,,,,,,,,,,,,,,,,,,,,,,
453,2023-04-21 19:34:00,,,,,,,,,,,,,,,,,,,,,,,,,,,,,,,,,,,,,,
454,2023-04-21 19:35:00,,,,,,,,,,,,,,,,,,,,,,,,,,,,,,,,,,,,,,
455,2023-04-21 19:36:00,,,,,,,,,,,,,,,,,,,,,,,,,,,,,,,,,,,,,,
456,2023-04-21 19:37:00,,,,,,,,,,,,,,,,,,,,,,,,,,,,,,,,,,,,,,
457,2023-04-21 19:38:00,,,,,,,,,,,,,,,,,,,,,,,,,,,,,,,,,,,,,,
458,2023-04-21 19:39:00,,,,,,,,,,,,,,,,,,,,,,,,,,,,,,,,,,,,,,
459,2023-04-21 19:40:00,,,,,,,,,,,,,,,,,,,,,,,,,,,,,,,,,,,,,,
460,2023-04-21 19:41:00,,,,,,,,,,,,,,,,,,,,,,,,,,,,,,,,,,,,,,
461,2023-04-21 19:42:00,,,,,,,,,,,,,,,,,,,,,,,,,,,,,,,,,,,,,,
462,2023-04-21 19:43:00,,,,,,,,,,,,,,,,,,,,,,,,,,,,,,,,,,,,,,
463,2023-04-21 19:44:00,,,,,,,,,,,,,,,,,,,,,,,,,,,,,,,,,,,,,,
464,2023-04-21 19:45:00,,,,,,,,,,,,,,,,,,,,,,,,,,,,,,,,,,,,,,
465,2023-04-21 19:46:00,,,,,,,,,,,,,,,,,,,,,,,,,,,,,,,,,,,,,,
466,2023-04-21 19:47:00,,,,,,,,,,,,,,,,,,,,,,,,,,,,,,,,,,,,,,
467,2023-04-21 19:48:00,,,,,,,,,,,,,,,,,,,,,,,,,,,,,,,,,,,,,,
468,2023-04-21 19:49:00,,,,,,,,,,,,,,,,,,,,,,,,,,,,,,,,,,,,,,
469,2023-04-21 19:50:00,,,,,,,,,,,,,,,,,,,,,,,,,,,,,,,,,,,,,,
470,2023-04-21 19:51:00,,,,,,,,,,,,,,,,,,,,,,,,,,,,,,,,,,,,,,
471,2023-04-21 19:52:00,,,,,,,,,,,,,,,,,,,,,,,,,,,,,,,,,,,,,,
472,2023-04-21 19:53:00,,,,,,,,,,,,,,,,,,,,,,,,,,,,,,,,,,,,,,
473,2023-04-21 19:54:00,,,,,,,,,,,,,,,,,,,,,,,,,,,,,,,,,,,,,,
474,2023-04-21 19:55:00,,,,,,,,,,,,,,,,,,,,,,,,,,,,,,,,,,,,,,
475,2023-04-21 19:56:00,,,,,,,,,,,,,,,,,,,,,,,,,,,,,,,,,,,,,,
476,2023-04-21 19:57:00,,,,,,,,,,,,,,,,,,,,,,,,,,,,,,,,,,,,,,
477,2023-04-21 19:58:00,,,,,,,,,,,,,,,,,,,,,,,,,,,,,,,,,,,,,,
478,2023-04-21 19:59:00,,,,,,,,,,,,,,,,,,,,,,,,,,,,,,,,,,,,,,
479,2023-04-21 20:00:00,,,,,,,,,,,,,,,,,,,,,,,,,,,,,,,,,,,,,,
480,2023-04-21 20:01:00,,,,,,,,,,,,,,,,,,,,,,,,,,,,,,,,,,,,,,
481,2023-04-21 20:02:00,,,,,,,,,,,,,,,,,,,,,,,,,,,,,,,,,,,,,,
482,2023-04-21 20:03:00,,,,,,,,,,,,,,,,,,,,,,,,,,,,,,,,,,,,,,
483,2023-04-21 20:04:00,,,,,,,,,,,,,,,,,,,,,,,,,,,,,,,,,,,,,,
484,2023-04-21 20:05:00,,,,,,,,,,,,,,,,,,,,,,,,,,,,,,,,,,,,,,
485,2023-04-21 20:06:00,,,,,,,,,,,,,,,,,,,,,,,,,,,,,,,,,,,,,,
486,2023-04-21 20:07:00,,,,,,,,,,,,,,,,,,,,,,,,,,,,,,,,,,,,,,
487,2023-04-21 20:08:00,,,,,,,,,,,,,,,,,,,,,,,,,,,,,,,,,,,,,,
488,2023-04-21 20:09:00,,,,,,,,,,,,,,,,,,,,,,,,,,,,,,,,,,,,,,
489,2023-04-21 20:10:00,,,,,,,,,,,,,,,,,,,,,,,,,,,,,,,,,,,,,,
490,2023-04-21 20:11:00,,,,,,,,,,,,,,,,,,,,,,,,,,,,,,,,,,,,,,
491,2023-04-21 20:12:00,,,,,,,,,,,,,,,,,,,,,,,,,,,,,,,,,,,,,,
492,2023-04-21 20:13:00,,,,,,,,,,,,,,,,,,,,,,,,,,,,,,,,,,,,,,
493,2023-04-21 20:14:00,,,,,,,,,,,,,,,,,,,,,,,,,,,,,,,,,,,,,,
494,2023-04-21 20:15:00,,,,,,,,,,,,,,,,,,,,,,,,,,,,,,,,,,,,,,
495,2023-04-21 20:16:00,,,,,,,,,,,,,,,,,,,,,,,,,,,,,,,,,,,,,,
496,2023-04-21 20:17:00,,,,,,,,,,,,,,,,,,,,,,,,,,,,,,,,,,,,,,
497,2023-04-21 20:18:00,,,,,,,,,,,,,,,,,,,,,,,,,,,,,,,,,,,,,,
498,2023-04-21 20:19:00,,,,,,,,,,,,,,,,,,,,,,,,,,,,,,,,,,,,,,
499,2023-04-21 20:20:00,,,,,,,,,,,,,,,,,,,,,,,,,,,,,,,,,,,,,,
500,2023-04-21 20:21:00,,,,,,,,,,,,,,,,,,,,,,,,,,,,,,,,,,,,,,
501,2023-04-21 20:22:00,,,,,,,,,,,,,,,,,,,,,,,,,,,,,,,,,,,,,,
502,2023-04-21 20:23:00,,,,,,,,,,,,,,,,,,,,,,,,,,,,,,,,,,,,,,
503,2023-04-21 20:24:00,,,,,,,,,,,,,,,,,,,,,,,,,,,,,,,,,,,,,,
504,2023-04-21 20:25:00,,,,,,,,,,,,,,,,,,,,,,,,,,,,,,,,,,,,,,
505,2023-04-21 20:26:00,,,,,,,,,,,,,,,,,,,,,,,,,,,,,,,,,,,,,,
506,2023-04-21 20:27:00,,,,,,,,,,,,,,,,,,,,,,,,,,,,,,,,,,,,,,
507,2023-04-21 20:28:00,,,,,,,,,,,,,,,,,,,,,,,,,,,,,,,,,,,,,,
508,2023-04-21 20:29:00,,,,,,,,,,,,,,,,,,,,,,,,,,,,,,,,,,,,,,
509,2023-04-21 20:30:00,,,,,,,,,,,,,,,,,,,,,,,,,,,,,,,,,,,,,,
510,2023-04-21 20:31:00,,,,,,,,,,,,,,,,,,,,,,,,,,,,,,,,,,,,,,
511,2023-04-21 20:32:00,,,,,,,,,,,,,,,,,,,,,,,,,,,,,,,,,,,,,,
512,2023-04-21 20:33:00,,,,,,,,,,,,,,,,,,,,,,,,,,,,,,,,,,,,,,
513,2023-04-21 20:34:00,,,,,,,,,,,,,,,,,,,,,,,,,,,,,,,,,,,,,,
514,2023-04-21 20:35:00,,,,,,,,,,,,,,,,,,,,,,,,,,,,,,,,,,,,,,
515,2023-04-21 20:36:00,,,,,,,,,,,,,,,,,,,,,,,,,,,,,,,,,,,,,,
516,2023-04-21 20:37:00,,,,,,,,,,,,,,,,,,,,,,,,,,,,,,,,,,,,,,
517,2023-04-21 20:38:00,,,,,,,,,,,,,,,,,,,,,,,,,,,,,,,,,,,,,,
518,2023-04-21 20:39:00,,,,,,,,,,,,,,,,,,,,,,,,,,,,,,,,,,,,,,
519,2023-04-21 20:40:00,,,,,,,,,,,,,,,,,,,,,,,,,,,,,,,,,,,,,,
520,2023-04-21 20:41:00,,,,,,,,,,,,,,,,,,,,,,,,,,,,,,,,,,,,,,
521,2023-04-21 20:42:00,,,,,,,,,,,,,,,,,,,,,,,,,,,,,,,,,,,,,,
522,2023-04-21 20:43:00,,,,,,,,,,,,,,,,,,,,,,,,,,,,,,,,,,,,,,
523,2023-04-21 20:44:00,,,,,,,,,,,,,,,,,,,,,,,,,,,,,,,,,,,,,,
524,2023-04-21 20:45:00,,,,,,,,,,,,,,,,,,,,,,,,,,,,,,,,,,,,,,
525,2023-04-21 20:46:00,,,,,,,,,,,,,,,,,,,,,,,,,,,,,,,,,,,,,,
526,2023-04-21 20:47:00,,,,,,,,,,,,,,,,,,,,,,,,,,,,,,,,,,,,,,
527,2023-04-21 20:48:00,,,,,,,,,,,,,,,,,,,,,,,,,,,,,,,,,,,,,,
528,2023-04-21 20:49:00,,,,,,,,,,,,,,,,,,,,,,,,,,,,,,,,,,,,,,
529,2023-04-21 20:50:00,,,,,,,,,,,,,,,,,,,,,,,,,,,,,,,,,,,,,,
530,2023-04-21 20:51:00,,,,,,,,,,,,,,,,,,,,,,,,,,,,,,,,,,,,,,
531,2023-04-21 20:52:00,,,,,,,,,,,,,,,,,,,,,,,,,,,,,,,,,,,,,,
532,2023-04-21 20:53:00,,,,,,,,,,,,,,,,,,,,,,,,,,,,,,,,,,,,,,
533,2023-04-21 20:54:00,,,,,,,,,,,,,,,,,,,,,,,,,,,,,,,,,,,,,,
534,2023-04-21 20:55:00,,,,,,,,,,,,,,,,,,,,,,,,,,,,,,,,,,,,,,
535,2023-04-21 20:56:00,,,,,,,,,,,,,,,,,,,,,,,,,,,,,,,,,,,,,,
536,2023-04-21 20:57:00,,,,,,,,,,,,,,,,,,,,,,,,,,,,,,,,,,,,,,
537,2023-04-21 20:58:00,,,,,,,,,,,,,,,,,,,,,,,,,,,,,,,,,,,,,,
538,2023-04-21 20:59:00,,,,,,,,,,,,,,,,,,,,,,,,,,,,,,,,,,,,,,
539,2023-04-21 21:00:00,,,,,,,,,,,,,,,,,,,,,,,,,,,,,,,,,,,,,,
540,2023-04-21 21:01:00,,,,,,,,,,,,,,,,,,,,,,,,,,,,,,,,,,,,,,
541,2023-04-21 21:02:00,,,,,,,,,,,,,,,,,,,,,,,,,,,,,,,,,,,,,,
542,2023-04-21 21:03:00,,,,,,,,,,,,,,,,,,,,,,,,,,,,,,,,,,,,,,
543,2023-04-21 21:04:00,,,,,,,,,,,,,,,,,,,,,,,,,,,,,,,,,,,,,,
544,2023-04-21 21:05:00,,,,,,,,,,,,,,,,,,,,,,,,,,,,,,,,,,,,,,
545,2023-04-21 21:06:00,,,,,,,,,,,,,,,,,,,,,,,,,,,,,,,,,,,,,,
546,2023-04-21 21:07:00,,,,,,,,,,,,,,,,,,,,,,,,,,,,,,,,,,,,,,
547,2023-04-21 21:08:00,,,,,,,,,,,,,,,,,,,,,,,,,,,,,,,,,,,,,,
548,2023-04-21 21:09:00,,,,,,,,,,,,,,,,,,,,,,,,,,,,,,,,,,,,,,
549,2023-04-21 21:10:00,,,,,,,,,,,,,,,,,,,,,,,,,,,,,,,,,,,,,,
550,2023-04-21 21:11:00,,,,,,,,,,,,,,,,,,,,,,,,,,,,,,,,,,,,,,
551,2023-04-21 21:12:00,,,,,,,,,,,,,,,,,,,,,,,,,,,,,,,,,,,,,,
552,2023-04-21 21:13:00,,,,,,,,,,,,,,,,,,,,,,,,,,,,,,,,,,,,,,
553,2023-04-21 21:14:00,,,,,,,,,,,,,,,,,,,,,,,,,,,,,,,,,,,,,,
554,2023-04-21 21:15:00,,,,,,,,,,,,,,,,,,,,,,,,,,,,,,,,,,,,,,
555,2023-04-21 21:16:00,,,,,,,,,,,,,,,,,,,,,,,,,,,,,,,,,,,,,,
556,2023-04-21 21:17:00,,,,,,,,,,,,,,,,,,,,,,,,,,,,,,,,,,,,,,
557,2023-04-21 21:18:00,,,,,,,,,,,,,,,,,,,,,,,,,,,,,,,,,,,,,,
558,2023-04-21 21:19:00,,,,,,,,,,,,,,,,,,,,,,,,,,,,,,,,,,,,,,
559,2023-04-21 21:20:00,,,,,,,,,,,,,,,,,,,,,,,,,,,,,,,,,,,,,,
560,2023-04-21 21:21:00,,,,,,,,,,,,,,,,,,,,,,,,,,,,,,,,,,,,,,
561,2023-04-21 21:22:00,,,,,,,,,,,,,,,,,,,,,,,,,,,,,,,,,,,,,,
562,2023-04-21 21:23:00,,,,,,,,,,,,,,,,,,,,,,,,,,,,,,,,,,,,,,
563,2023-04-21 21:24:00,,,,,,,,,,,,,,,,,,,,,,,,,,,,,,,,,,,,,,
564,2023-04-21 21:25:00,,,,,,,,,,,,,,,,,,,,,,,,,,,,,,,,,,,,,,
565,2023-04-21 21:26:00,,,,,,,,,,,,,,,,,,,,,,,,,,,,,,,,,,,,,,
566,2023-04-21 21:27:00,,,,,,,,,,,,,,,,,,,,,,,,,,,,,,,,,,,,,,
567,2023-04-21 21:28:00,,,,,,,,,,,,,,,,,,,,,,,,,,,,,,,,,,,,,,
568,2023-04-21 21:29:00,,,,,,,,,,,,,,,,,,,,,,,,,,,,,,,,,,,,,,
569,2023-04-21 21:30:00,,,,,,,,,,,,,,,,,,,,,,,,,,,,,,,,,,,,,,
570,2023-04-21 21:31:00,,,,,,,,,,,,,,,,,,,,,,,,,,,,,,,,,,,,,,
571,2023-04-21 21:32:00,,,,,,,,,,,,,,,,,,,,,,,,,,,,,,,,,,,,,,
572,2023-04-21 21:33:00,,,,,,,,,,,,,,,,,,,,,,,,,,,,,,,,,,,,,,
573,2023-04-21 21:34:00,,,,,,,,,,,,,,,,,,,,,,,,,,,,,,,,,,,,,,
574,2023-04-21 21:35:00,,,,,,,,,,,,,,,,,,,,,,,,,,,,,,,,,,,,,,
575,2023-04-21 21:36:00,,,,,,,,,,,,,,,,,,,,,,,,,,,,,,,,,,,,,,
576,2023-04-21 21:37:00,,,,,,,,,,,,,,,,,,,,,,,,,,,,,,,,,,,,,,
577,2023-04-21 21:38:00,,,,,,,,,,,,,,,,,,,,,,,,,,,,,,,,,,,,,,
578,2023-04-21 21:39:00,,,,,,,,,,,,,,,,,,,,,,,,,,,,,,,,,,,,,,
579,2023-04-21 21:40:00,,,,,,,,,,,,,,,,,,,,,,,,,,,,,,,,,,,,,,
580,2023-04-21 21:41:00,,,,,,,,,,,,,,,,,,,,,,,,,,,,,,,,,,,,,,
581,2023-04-21 21:42:00,,,,,,,,,,,,,,,,,,,,,,,,,,,,,,,,,,,,,,
582,2023-04-21 21:43:00,,,,,,,,,,,,,,,,,,,,,,,,,,,,,,,,,,,,,,
583,2023-04-21 21:44:00,,,,,,,,,,,,,,,,,,,,,,,,,,,,,,,,,,,,,,
584,2023-04-21 21:45:00,,,,,,,,,,,,,,,,,,,,,,,,,,,,,,,,,,,,,,
585,2023-04-21 21:46:00,,,,,,,,,,,,,,,,,,,,,,,,,,,,,,,,,,,,,,
586,2023-04-21 21:47:00,,,,,,,,,,,,,,,,,,,,,,,,,,,,,,,,,,,,,,
587,2023-04-21 21:48:00,,,,,,,,,,,,,,,,,,,,,,,,,,,,,,,,,,,,,,
588,2023-04-21 21:49:00,,,,,,,,,,,,,,,,,,,,,,,,,,,,,,,,,,,,,,
589,2023-04-21 21:50:00,,,,,,,,,,,,,,,,,,,,,,,,,,,,,,,,,,,,,,
590,2023-04-21 21:51:00,,,,,,,,,,,,,,,,,,,,,,,,,,,,,,,,,,,,,,
591,2023-04-21 21:52:00,,,,,,,,,,,,,,,,,,,,,,,,,,,,,,,,,,,,,,
592,2023-04-21 21:53:00,,,,,,,,,,,,,,,,,,,,,,,,,,,,,,,,,,,,,,
593,2023-04-21 21:54:00,,,,,,,,,,,,,,,,,,,,,,,,,,,,,,,,,,,,,,
594,2023-04-21 21:55:00,,,,,,,,,,,,,,,,,,,,,,,,,,,,,,,,,,,,,,
595,2023-04-21 21:56:00,,,,,,,,,,,,,,,,,,,,,,,,,,,,,,,,,,,,,,
596,2023-04-21 21:57:00,,,,,,,,,,,,,,,,,,,,,,,,,,,,,,,,,,,,,,
597,2023-04-21 21:58:00,,,,,,,,,,,,,,,,,,,,,,,,,,,,,,,,,,,,,,
598,2023-04-21 21:59:00,,,,,,,,,,,,,,,,,,,,,,,,,,,,,,,,,,,,,,
599,2023-04-21 22:00:00,,,,,,,,,,,,,,,,,,,,,,,,,,,,,,,,,,,,,,
600,2023-04-21 22:01:00,,,,,,,,,,,,,,,,,,,,,,,,,,,,,,,,,,,,,,
601,2023-04-21 22:02:00,,,,,,,,,,,,,,,,,,,,,,,,,,,,,,,,,,,,,,
602,2023-04-21 22:03:00,,,,,,,,,,,,,,,,,,,,,,,,,,,,,,,,,,,,,,
603,2023-04-21 22:04:00,,,,,,,,,,,,,,,,,,,,,,,,,,,,,,,,,,,,,,
604,2023-04-21 22:05:00,,,,,,,,,,,,,,,,,,,,,,,,,,,,,,,,,,,,,,
605,2023-04-21 22:06:00,,,,,,,,,,,,,,,,,,,,,,,,,,,,,,,,,,,,,,
606,2023-04-21 22:07:00,,,,,,,,,,,,,,,,,,,,,,,,,,,,,,,,,,,,,,
607,2023-04-21 22:08:00,,,,,,,,,,,,,,,,,,,,,,,,,,,,,,,,,,,,,,
608,2023-04-21 22:09:00,,,,,,,,,,,,,,,,,,,,,,,,,,,,,,,,,,,,,,
609,2023-04-21 22:10:00,,,,,,,,,,,,,,,,,,,,,,,,,,,,,,,,,,,,,,
610,2023-04-21 22:11:00,,,,,,,,,,,,,,,,,,,,,,,,,,,,,,,,,,,,,,
611,2023-04-21 22:12:00,,,,,,,,,,,,,,,,,,,,,,,,,,,,,,,,,,,,,,
612,2023-04-21 22:13:00,,,,,,,,,,,,,,,,,,,,,,,,,,,,,,,,,,,,,,
613,2023-04-21 22:14:00,,,,,,,,,,,,,,,,,,,,,,,,,,,,,,,,,,,,,,
614,2023-04-21 22:15:00,,,,,,,,,,,,,,,,,,,,,,,,,,,,,,,,,,,,,,
615,2023-04-21 22:16:00,,,,,,,,,,,,,,,,,,,,,,,,,,,,,,,,,,,,,,
616,2023-04-21 22:17:00,,,,,,,,,,,,,,,,,,,,,,,,,,,,,,,,,,,,,,
617,2023-04-21 22:18:00,,,,,,,,,,,,,,,,,,,,,,,,,,,,,,,,,,,,,,
618,2023-04-21 22:19:00,,,,,,,,,,,,,,,,,,,,,,,,,,,,,,,,,,,,,,
619,2023-04-21 22:20:00,,,,,,,,,,,,,,,,,,,,,,,,,,,,,,,,,,,,,,
620,2023-04-21 22:21:00,,,,,,,,,,,,,,,,,,,,,,,,,,,,,,,,,,,,,,
621,2023-04-21 22:22:00,,,,,,,,,,,,,,,,,,,,,,,,,,,,,,,,,,,,,,
622,2023-04-21 22:23:00,,,,,,,,,,,,,,,,,,,,,,,,,,,,,,,,,,,,,,
623,2023-04-21 22:24:00,,,,,,,,,,,,,,,,,,,,,,,,,,,,,,,,,,,,,,
624,2023-04-21 22:25:00,,,,,,,,,,,,,,,,,,,,,,,,,,,,,,,,,,,,,,
625,2023-04-21 22:26:00,,,,,,,,,,,,,,,,,,,,,,,,,,,,,,,,,,,,,,
626,2023-04-21 22:27:00,,,,,,,,,,,,,,,,,,,,,,,,,,,,,,,,,,,,,,
627,2023-04-21 22:28:00,,,,,,,,,,,,,,,,,,,,,,,,,,,,,,,,,,,,,,
628,2023-04-21 22:29:00,,,,,,,,,,,,,,,,,,,,,,,,,,,,,,,,,,,,,,
629,2023-04-21 22:30:00,,,,,,,,,,,,,,,,,,,,,,,,,,,,,,,,,,,,,,
630,2023-04-21 22:31:00,,,,,,,,,,,,,,,,,,,,,,,,,,,,,,,,,,,,,,
631,2023-04-21 22:32:00,,,,,,,,,,,,,,,,,,,,,,,,,,,,,,,,,,,,,,
632,2023-04-21 22:33:00,,,,,,,,,,,,,,,,,,,,,,,,,,,,,,,,,,,,,,
633,2023-04-21 22:34:00,,,,,,,,,,,,,,,,,,,,,,,,,,,,,,,,,,,,,,
634,2023-04-21 22:35:00,,,,,,,,,,,,,,,,,,,,,,,,,,,,,,,,,,,,,,
635,2023-04-21 22:36:00,,,,,,,,,,,,,,,,,,,,,,,,,,,,,,,,,,,,,,
636,2023-04-21 22:37:00,,,,,,,,,,,,,,,,,,,,,,,,,,,,,,,,,,,,,,
637,2023-04-21 22:38:00,,,,,,,,,,,,,,,,,,,,,,,,,,,,,,,,,,,,,,
638,2023-04-21 22:39:00,,,,,,,,,,,,,,,,,,,,,,,,,,,,,,,,,,,,,,
639,2023-04-21 22:40:00,,,,,,,,,,,,,,,,,,,,,,,,,,,,,,,,,,,,,,
640,2023-04-21 22:41:00,,,,,,,,,,,,,,,,,,,,,,,,,,,,,,,,,,,,,,
641,2023-04-21 22:42:00,,,,,,,,,,,,,,,,,,,,,,,,,,,,,,,,,,,,,,
642,2023-04-21 22:43:00,,,,,,,,,,,,,,,,,,,,,,,,,,,,,,,,,,,,,,
643,2023-04-21 22:44:00,,,,,,,,,,,,,,,,,,,,,,,,,,,,,,,,,,,,,,
644,2023-04-21 22:45:00,,,,,,,,,,,,,,,,,,,,,,,,,,,,,,,,,,,,,,
645,2023-04-21 22:46:00,,,,,,,,,,,,,,,,,,,,,,,,,,,,,,,,,,,,,,
646,2023-04-21 22:47:00,,,,,,,,,,,,,,,,,,,,,,,,,,,,,,,,,,,,,,
647,2023-04-21 22:48:00,,,,,,,,,,,,,,,,,,,,,,,,,,,,,,,,,,,,,,
648,2023-04-21 22:49:00,,,,,,,,,,,,,,,,,,,,,,,,,,,,,,,,,,,,,,
649,2023-04-21 22:50:00,,,,,,,,,,,,,,,,,,,,,,,,,,,,,,,,,,,,,,
650,2023-04-21 22:51:00,,,,,,,,,,,,,,,,,,,,,,,,,,,,,,,,,,,,,,
651,2023-04-21 22:52:00,,,,,,,,,,,,,,,,,,,,,,,,,,,,,,,,,,,,,,
652,2023-04-21 22:53:00,,,,,,,,,,,,,,,,,,,,,,,,,,,,,,,,,,,,,,
653,2023-04-21 22:54:00,,,,,,,,,,,,,,,,,,,,,,,,,,,,,,,,,,,,,,
654,2023-04-21 22:55:00,,,,,,,,,,,,,,,,,,,,,,,,,,,,,,,,,,,,,,
655,2023-04-21 22:56:00,,,,,,,,,,,,,,,,,,,,,,,,,,,,,,,,,,,,,,
656,2023-04-21 22:57:00,,,,,,,,,,,,,,,,,,,,,,,,,,,,,,,,,,,,,,
657,2023-04-21 22:58:00,,,,,,,,,,,,,,,,,,,,,,,,,,,,,,,,,,,,,,
658,2023-04-21 22:59:00,,,,,,,,,,,,,,,,,,,,,,,,,,,,,,,,,,,,,,
659,2023-04-21 23:00:00,,,,,,,,,,,,,,,,,,,,,,,,,,,,,,,,,,,,,,
660,2023-04-21 23:01:00,,,,,,,,,,,,,,,,,,,,,,,,,,,,,,,,,,,,,,
661,2023-04-21 23:02:00,,,,,,,,,,,,,,,,,,,,,,,,,,,,,,,,,,,,,,
662,2023-04-21 23:03:00,,,,,,,,,,,,,,,,,,,,,,,,,,,,,,,,,,,,,,
663,2023-04-21 23:04:00,,,,,,,,,,,,,,,,,,,,,,,,,,,,,,,,,,,,,,
664,2023-04-21 23:05:00,,,,,,,,,,,,,,,,,,,,,,,,,,,,,,,,,,,,,,
665,2023-04-21 23:06:00,,,,,,,,,,,,,,,,,,,,,,,,,,,,,,,,,,,,,,
666,2023-04-21 23:07:00,,,,,,,,,,,,,,,,,,,,,,,,,,,,,,,,,,,,,,
667,2023-04-21 23:08:00,,,,,,,,,,,,,,,,,,,,,,,,,,,,,,,,,,,,,,
668,2023-04-21 23:09:00,,,,,,,,,,,,,,,,,,,,,,,,,,,,,,,,,,,,,,
669,2023-04-21 23:10:00,,,,,,,,,,,,,,,,,,,,,,,,,,,,,,,,,,,,,,
670,2023-04-21 23:11:00,,,,,,,,,,,,,,,,,,,,,,,,,,,,,,,,,,,,,,
671,2023-04-21 23:12:00,,,,,,,,,,,,,,,,,,,,,,,,,,,,,,,,,,,,,,
672,2023-04-21 23:13:00,,,,,,,,,,,,,,,,,,,,,,,,,,,,,,,,,,,,,,
673,2023-04-21 23:14:00,,,,,,,,,,,,,,,,,,,,,,,,,,,,,,,,,,,,,,
674,2023-04-21 23:15:00,,,,,,,,,,,,,,,,,,,,,,,,,,,,,,,,,,,,,,
675,2023-04-21 23:16:00,,,,,,,,,,,,,,,,,,,,,,,,,,,,,,,,,,,,,,
676,2023-04-21 23:17:00,,,,,,,,,,,,,,,,,,,,,,,,,,,,,,,,,,,,,,
677,2023-04-21 23:18:00,,,,,,,,,,,,,,,,,,,,,,,,,,,,,,,,,,,,,,
678,2023-04-21 23:19:00,,,,,,,,,,,,,,,,,,,,,,,,,,,,,,,,,,,,,,
679,2023-04-21 23:20:00,,,,,,,,,,,,,,,,,,,,,,,,,,,,,,,,,,,,,,
680,2023-04-21 23:21:00,,,,,,,,,,,,,,,,,,,,,,,,,,,,,,,,,,,,,,
681,2023-04-21 23:22:00,,,,,,,,,,,,,,,,,,,,,,,,,,,,,,,,,,,,,,
682,2023-04-21 23:23:00,,,,,,,,,,,,,,,,,,,,,,,,,,,,,,,,,,,,,,
683,2023-04-21 23:24:00,,,,,,,,,,,,,,,,,,,,,,,,,,,,,,,,,,,,,,
684,2023-04-21 23:25:00,,,,,,,,,,,,,,,,,,,,,,,,,,,,,,,,,,,,,,
685,2023-04-21 23:26:00,,,,,,,,,,,,,,,,,,,,,,,,,,,,,,,,,,,,,,
686,2023-04-21 23:27:00,,,,,,,,,,,,,,,,,,,,,,,,,,,,,,,,,,,,,,
687,2023-04-21 23:28:00,,,,,,,,,,,,,,,,,,,,,,,,,,,,,,,,,,,,,,
688,2023-04-21 23:29:00,,,,,,,,,,,,,,,,,,,,,,,,,,,,,,,,,,,,,,
689,2023-04-21 23:30:00,,,,,,,,,,,,,,,,,,,,,,,,,,,,,,,,,,,,,,
690,2023-04-21 23:31:00,,,,,,,,,,,,,,,,,,,,,,,,,,,,,,,,,,,,,,
691,2023-04-21 23:32:00,,,,,,,,,,,,,,,,,,,,,,,,,,,,,,,,,,,,,,
692,2023-04-21 23:33:00,,,,,,,,,,,,,,,,,,,,,,,,,,,,,,,,,,,,,,
693,2023-04-21 23:34:00,,,,,,,,,,,,,,,,,,,,,,,,,,,,,,,,,,,,,,
694,2023-04-21 23:35:00,,,,,,,,,,,,,,,,,,,,,,,,,,,,,,,,,,,,,,
695,2023-04-21 23:36:00,,,,,,,,,,,,,,,,,,,,,,,,,,,,,,,,,,,,,,
696,2023-04-21 23:37:00,,,,,,,,,,,,,,,,,,,,,,,,,,,,,,,,,,,,,,
697,2023-04-21 23:38:00,,,,,,,,,,,,,,,,,,,,,,,,,,,,,,,,,,,,,,
698,2023-04-21 23:39:00,,,,,,,,,,,,,,,,,,,,,,,,,,,,,,,,,,,,,,
699,2023-04-21 23:40:00,,,,,,,,,,,,,,,,,,,,,,,,,,,,,,,,,,,,,,
700,2023-04-21 23:41:00,,,,,,,,,,,,,,,,,,,,,,,,,,,,,,,,,,,,,,
701,2023-04-21 23:42:00,,,,,,,,,,,,,,,,,,,,,,,,,,,,,,,,,,,,,,
702,2023-04-21 23:43:00,,,,,,,,,,,,,,,,,,,,,,,,,,,,,,,,,,,,,,
703,2023-04-21 23:44:00,,,,,,,,,,,,,,,,,,,,,,,,,,,,,,,,,,,,,,
704,2023-04-21 23:45:00,,,,,,,,,,,,,,,,,,,,,,,,,,,,,,,,,,,,,,
705,2023-04-21 23:46:00,,,,,,,,,,,,,,,,,,,,,,,,,,,,,,,,,,,,,,
706,2023-04-21 23:47:00,,,,,,,,,,,,,,,,,,,,,,,,,,,,,,,,,,,,,,
707,2023-04-21 23:48:00,,,,,,,,,,,,,,,,,,,,,,,,,,,,,,,,,,,,,,
708,2023-04-21 23:49:00,,,,,,,,,,,,,,,,,,,,,,,,,,,,,,,,,,,,,,
709,2023-04-21 23:50:00,,,,,,,,,,,,,,,,,,,,,,,,,,,,,,,,,,,,,,
710,2023-04-21 23:51:00,,,,,,,,,,,,,,,,,,,,,,,,,,,,,,,,,,,,,,
711,2023-04-21 23:52:00,,,,,,,,,,,,,,,,,,,,,,,,,,,,,,,,,,,,,,
712,2023-04-21 23:53:00,,,,,,,,,,,,,,,,,,,,,,,,,,,,,,,,,,,,,,
713,2023-04-21 23:54:00,,,,,,,,,,,,,,,,,,,,,,,,,,,,,,,,,,,,,,
714,2023-04-21 23:55:00,,,,,,,,,,,,,,,,,,,,,,,,,,,,,,,,,,,,,,
715,2023-04-21 23:56:00,,,,,,,,,,,,,,,,,,,,,,,,,,,,,,,,,,,,,,
716,2023-04-21 23:57:00,,,,,,,,,,,,,,,,,,,,,,,,,,,,,,,,,,,,,,
717,2023-04-21 23:58:00,,,,,,,,,,,,,,,,,,,,,,,,,,,,,,,,,,,,,,
